Start Time;06/05/2026 13:36:34

Time(s);COM5 - PPS Sensor (N);(Selected Full Scale Range: 1N)
0;1;
0;1;
0,018;1;
0,031;1;
0,047;1;
0,062;1;
0,078;1;
0,094;1;
0,11;1;
0,126;1;
0,142;1;
0,158;1;
0,172;1;
0,187;1;
0,203;1;
0,219;1;
0,236;1;
0,252;1;
0,267;1;
0,281;1;
0,301;1;
0,335;1;
0,359;1;
0,375;1;
0,39;1;
0,404;-1;
0,423;1;
0,457;1;
0,482;1;
0,502;1;
0,534;1;
0,562;1;
0,595;1;
0,62;0;
0,635;-3;
0,652;-3;
0,665;-1;
0,684;-3;
0,697;-2;
0,717;-3;
0,747;-3;
0,767;0;
0,798;-3;
0,823;-1;
0,837;1;
0,854;-2;
0,87;-3;
0,898;-3;
0,913;-3;
0,928;-2;
0,952;0;
0,98;-3;
1,011;-3;
1,044;-3;
1,077;-3;
1,1;-3;
1,117;-3;
1,133;-3;
1,151;-3;
1,18;-3;
1,198;-3;
1,232;-3;
1,256;-3;
1,275;-2;
1,304;-2;
1,32;-3;
1,336;-3;
1,361;-3;
1,381;-3;
1,396;-3;
1,413;-3;
1,428;-3;
1,446;-3;
1,466;-3;
1,493;-3;
1,513;-3;
1,536;-3;
1,553;-3;
1,569;-3;
1,584;-3;
1,603;-3;
1,635;-3;
1,664;-1;
1,678;-3;
1,698;-2;
1,724;-1;
1,746;1;
1,773;-1;
1,786;-3;
1,804;-1;
1,816;-2;
1,834;-2;
1,849;-3;
1,864;-2;
1,879;-3;
1,897;-2;
1,909;-3;
1,927;-3;
1,941;-3;
1,961;-2;
1,992;-2;
2,022;-1;
2,04;-2;
2,069;-1;
2,084;-2;
2,101;-1;
2,13;-3;
2,148;-2;
2,18;-3;
2,212;-3;
2,24;-2;
2,253;-1;
2,271;-3;
2,283;-3;
2,303;-3;
2,336;-3;
2,362;-3;
2,381;-3;
2,407;-3;
2,422;-3;
2,444;-3;
2,471;-3;
2,485;-3;
2,5;-3;
2,516;-2;
2,54;-3;
2,564;-3;
2,579;-3;
2,596;-3;
2,61;-3;
2,627;0;
2,656;-3;
2,673;-3;
2,706;-3;
2,74;-3;
2,768;-3;
2,799;-3;
2,835;-3;
2,861;-3;
2,893;-3;
2,919;-3;
2,935;-1;
2,952;-3;
2,974;-3;
3,002;-3;
3,028;-1;
3,044;-3;
3,061;-3;
3,094;-3;
3,12;-3;
3,142;-3;
3,173;-3;
3,204;-2;
3,232;0;
3,258;-3;
3,274;-2;
3,294;-1;
3,33;-3;
3,356;-3;
3,385;-3;
3,4;-2;
3,416;-3;
3,432;-3;
3,45;-3;
3,464;0;
3,483;-1;
3,517;-3;
3,542;-3;
3,574;-3;
3,594;-3;
3,62;-1;
3,637;-3;
3,651;-3;
3,668;-3;
3,683;-3;
3,701;-3;
3,732;-3;
3,76;-3;
3,78;1;
3,806;0;
3,82;-1;
3,836;-3;
3,85;-1;
3,87;-3;
3,898;-3;
3,914;-3;
3,936;-3;
3,958;-3;
3,976;-3;
3,991;-3;
4,004;-3;
4,026;-2;
4,055;-3;
4,067;-3;
4,084;-3;
4,096;-3;
4,115;-3;
4,129;-3;
4,152;-3;
4,18;-3;
4,21;-3;
4,237;-3;
4,252;-3;
4,269;-3;
4,283;-3;
4,301;-3;
4,316;-3;
4,332;-3;
4,349;-3;
4,366;-3;
4,378;-3;
4,394;-3;
4,413;-3;
4,431;-3;
4,46;-3;
4,477;-3;
4,492;-3;
4,511;-3;
4,536;-3;
4,553;-3;
4,568;-3;
4,59;-3;
4,615;-3;
4,63;-3;
4,646;-3;
4,662;-3;
4,682;-3;
4,714;-3;
4,745;-3;
4,773;-3;
4,789;-3;
4,802;-3;
4,819;-3;
4,833;-3;
4,851;-3;
4,864;-3;
4,883;-3;
4,895;-3;
4,913;-3;
4,928;-3;
4,944;-3;
4,962;-3;
4,979;-3;
5,011;-3;
5,043;-3;
5,067;-3;
5,086;-3;
5,122;-3;
5,147;-3;
5,159;-3;
5,175;-3;
5,19;-3;
5,21;-3;
5,244;-3;
5,277;-3;
5,301;-3;
5,316;-3;
5,33;-3;
5,346;-3;
5,364;-3;
5,378;-3;
5,393;-3;
5,408;-3;
5,424;-3;
5,448;-3;
5,474;-3;
5,507;-3;
5,535;-3;
5,551;-3;
5,566;-3;
5,583;-3;
5,597;-3;
5,614;-3;
5,628;-3;
5,644;-3;
5,66;-3;
5,676;-3;
5,692;-3;
5,73;-3;
5,753;-3;
5,768;-3;
5,785;-3;
5,798;-3;
5,815;-3;
5,834;-3;
5,863;-3;
5,892;-3;
5,907;-3;
5,924;-3;
5,958;-3;
5,982;-3;
5,999;-3;
6,013;-3;
6,034;-3;
6,064;-3;
6,093;-3;
6,125;-3;
6,154;-3;
6,183;-3;
6,198;-3;
6,218;-3;
6,244;-3;
6,259;-3;
6,276;-3;
6,291;-3;
6,311;-3;
6,328;-3;
6,356;-3;
6,372;-3;
6,386;-3;
6,402;-3;
6,418;-3;
6,433;-3;
6,453;-3;
6,482;-3;
6,495;-3;
6,511;-3;
6,527;-3;
6,542;-3;
6,562;0;
6,589;1;
6,604;-2;
6,619;1;
6,634;0;
6,65;-1;
6,67;-3;
6,704;-3;
6,732;-3;
6,767;-1;
6,791;-2;
6,808;-3;
6,822;-3;
6,841;-3;
6,854;-3;
6,87;-2;
6,885;-1;
6,907;-3;
6,936;-3;
6,964;-3;
6,994;-3;
7,006;-3;
7,022;-3;
7,046;-3;
7,069;-3;
7,083;-3;
7,106;-3;
7,136;-3;
7,171;-3;
7,2;-3;
7,226;-1;
7,241;-3;
7,26;-3;
7,29;-3;
7,32;-3;
7,332;-3;
7,353;-3;
7,381;-3;
7,397;-3;
7,412;-3;
7,431;-3;
7,447;-3;
7,474;-3;
7,492;-3;
7,508;-3;
7,536;-3;
7,558;-3;
7,588;-3;
7,613;-3;
7,639;-3;
7,662;-3;
7,678;-3;
7,713;-1;
7,739;-3;
7,761;-3;
7,795;-3;
7,814;-3;
7,83;-3;
7,846;-3;
7,861;-3;
7,879;-3;
7,898;-3;
7,923;-3;
7,941;-3;
7,954;-3;
7,971;-3;
7,984;-3;
8,003;-3;
8,033;-3;
8,047;-3;
8,062;-3;
8,079;-3;
8,1;-3;
8,131;-3;
8,155;0;
8,171;-3;
8,186;-3;
8,207;-3;
8,232;-3;
8,249;-3;
8,264;-3;
8,281;-3;
8,31;-3;
8,327;-3;
8,348;-3;
8,377;-3;
8,402;-3;
8,418;-3;
8,435;-3;
8,448;-3;
8,467;-3;
8,494;-3;
8,511;-3;
8,526;-3;
8,543;-3;
8,559;-3;
8,576;-3;
8,602;-3;
8,626;-3;
8,651;-3;
8,668;-3;
8,681;-3;
8,702;-3;
8,727;-2;
8,747;-3;
8,778;-3;
8,808;-3;
8,826;-3;
8,852;-3;
8,868;-3;
8,882;-3;
8,907;-3;
8,931;-3;
8,946;-3;
8,962;-3;
8,98;-3;
9,008;-3;
9,023;-3;
9,039;-3;
9,058;-3;
9,072;-1;
9,091;-3;
9,122;-3;
9,149;-3;
9,165;-1;
9,178;-3;
9,193;-3;
9,216;-3;
9,244;-3;
9,257;-3;
9,273;-1;
9,288;-3;
9,304;-3;
9,32;-3;
9,345;-3;
9,37;-3;
9,384;-3;
9,4;-3;
9,415;-3;
9,431;-3;
9,45;-3;
9,464;-3;
9,48;-3;
9,495;-3;
9,513;-3;
9,528;-3;
9,541;-3;
9,558;-3;
9,575;-3;
9,588;-3;
9,604;-3;
9,618;-3;
9,635;-3;
9,652;-3;
9,671;-3;
9,699;-3;
9,719;-3;
9,754;-3;
9,777;-3;
9,796;-1;
9,808;-3;
9,825;-3;
9,839;-3;
9,854;-1;
9,871;-3;
9,887;-3;
9,902;-3;
9,918;-3;
9,937;-3;
9,963;-3;
9,977;-3;
9,996;-3;
10,024;-3;
10,041;-3;
10,056;-3;
10,072;-3;
10,086;-3;
10,1;-3;
10,12;-3;
10,151;-3;
10,184;1;
10,21;-2;
10,225;-3;
10,245;-3;
10,275;-3;
10,304;-3;
10,319;-2;
10,34;-1;
10,368;-3;
10,381;-3;
10,406;-1;
10,43;0;
10,444;-3;
10,462;0;
10,482;-3;
10,506;-3;
10,523;-3;
10,542;-3;
10,569;-3;
10,584;-3;
10,601;-3;
10,615;-3;
10,635;-3;
10,655;-3;
10,681;-3;
10,71;-3;
10,726;-3;
10,757;-3;
10,773;-3;
10,786;-3;
10,802;-3;
10,817;-3;
10,831;-3;
10,849;-3;
10,867;-3;
10,9;-3;
10,924;-3;
10,941;-3;
10,959;-3;
10,986;-3;
11,003;-3;
11,018;-3;
11,032;-3;
11,048;-3;
11,064;-3;
11,078;-3;
11,101;-3;
11,127;-3;
11,148;-3;
11,174;-3;
11,19;-3;
11,218;-3;
11,233;-3;
11,249;-3;
11,263;-3;
11,287;-3;
11,31;-3;
11,328;-3;
11,347;-3;
11,372;-3;
11,393;-3;
11,419;-3;
11,438;-3;
11,467;-3;
11,482;-3;
11,496;-3;
11,513;-3;
11,527;-3;
11,543;-3;
11,56;-3;
11,577;-3;
11,594;-3;
11,628;-3;
11,655;-3;
11,668;-3;
11,686;-3;
11,699;-3;
11,717;-3;
11,732;-3;
11,746;-3;
11,762;-3;
11,78;-3;
11,798;-3;
11,825;-3;
11,838;-3;
11,854;-3;
11,87;-3;
11,885;-3;
11,903;-3;
11,917;-3;
11,933;-3;
11,948;-3;
11,966;-3;
11,98;-3;
11,996;-3;
12,011;-3;
12,025;-3;
12,045;-3;
12,074;-3;
12,094;-3;
12,124;-3;
12,15;-3;
12,169;-3;
12,198;-3;
12,215;-3;
12,23;-3;
12,252;-3;
12,276;-3;
12,291;-3;
12,309;-3;
12,325;-3;
12,341;-3;
12,372;-3;
12,384;-3;
12,406;-3;
12,432;-3;
12,447;-3;
12,462;-3;
12,477;-3;
12,493;-3;
12,507;-3;
12,529;-3;
12,561;-3;
12,591;-3;
12,624;-3;
12,65;-3;
12,666;-3;
12,682;-3;
12,695;-3;
12,712;-3;
12,729;-3;
12,744;-3;
12,758;-3;
12,773;-3;
12,794;-3;
12,822;-3;
12,838;-3;
12,852;-3;
12,874;-3;
12,902;-3;
12,915;-3;
12,931;-3;
12,948;-3;
12,96;-3;
12,98;-3;
13,007;-3;
13,028;-3;
13,054;-1;
13,069;-3;
13,085;-3;
13,104;-3;
13,137;-1;
13,168;-3;
13,194;-3;
13,212;-3;
13,225;-3;
13,241;-3;
13,256;-3;
13,281;-3;
13,303;-3;
13,317;-3;
13,337;-3;
13,366;-3;
13,38;-3;
13,397;-3;
13,411;-3;
13,428;-3;
13,442;-3;
13,459;-3;
13,477;-3;
13,504;-3;
13,52;-3;
13,54;-3;
13,567;-3;
13,586;-3;
13,62;-3;
13,647;-3;
13,661;-2;
13,678;-3;
13,69;-3;
13,708;-3;
13,722;-1;
13,738;-3;
13,752;-3;
13,768;-1;
13,787;-3;
13,814;-3;
13,837;-3;
13,863;-3;
13,879;-2;
13,908;-3;
13,923;-3;
13,939;-2;
13,953;-3;
13,972;-3;
14,001;-3;
14,018;-2;
14,047;-3;
14,06;-1;
14,074;-3;
14,09;0;
14,107;-3;
14,122;-3;
14,138;-3;
14,154;-3;
14,169;-2;
14,189;1;
14,216;0;
14,233;-2;
14,246;1;
14,265;1;
14,281;-2;
14,3;-3;
14,329;0;
14,356;-1;
14,373;-3;
14,389;-2;
14,403;-3;
14,419;-3;
14,434;-3;
14,448;-3;
14,469;-3;
14,495;-3;
14,512;-3;
14,534;-3;
14,562;-3;
14,589;-3;
14,603;-3;
14,62;-3;
14,633;-3;
14,65;-3;
14,666;-3;
14,682;-3;
14,696;-3;
14,712;-3;
14,728;-3;
14,75;-3;
14,779;-3;
14,813;-3;
14,838;-3;
14,851;-3;
14,87;-3;
14,898;-1;
14,913;-2;
14,93;-3;
14,945;-1;
14,963;-3;
14,997;-3;
15,024;-3;
15,053;-3;
15,068;-3;
15,084;-3;
15,099;-3;
15,114;-1;
15,13;-3;
15,147;-3;
15,16;-3;
15,176;-3;
15,191;-3;
15,216;-3;
15,241;-3;
15,254;-1;
15,269;-3;
15,287;-3;
15,309;-3;
15,332;-3;
15,345;-3;
15,363;-3;
15,379;-3;
15,394;-3;
15,41;-2;
15,428;-1;
15,455;-3;
15,472;-3;
15,488;-3;
15,505;-3;
15,532;-3;
15,552;-3;
15,579;-2;
15,594;-3;
15,609;-3;
15,626;-1;
15,642;-3;
15,659;-3;
15,674;-3;
15,692;-3;
15,719;-3;
15,738;-3;
15,763;-3;
15,779;-3;
15,796;-3;
15,812;-3;
15,827;-3;
15,842;-3;
15,856;-3;
15,873;-3;
15,888;-3;
15,905;-3;
15,923;-3;
15,951;-3;
15,966;-3;
15,987;-3;
16,013;-3;
16,027;-3;
16,045;-3;
16,061;-3;
16,075;-3;
16,091;-3;
16,105;-3;
16,121;-3;
16,137;-3;
16,155;-3;
16,17;-3;
16,186;-3;
16,205;-3;
16,232;-3;
16,249;-3;
16,28;-3;
16,305;-3;
16,321;-3;
16,337;-3;
16,353;-3;
16,376;-3;
16,401;-3;
16,422;-3;
16,45;-3;
16,463;-3;
16,479;-3;
16,496;-3;
16,509;-3;
16,526;-3;
16,54;-3;
16,556;-3;
16,572;-3;
16,588;-3;
16,604;-3;
16,618;-3;
16,633;-3;
16,65;-3;
16,669;-3;
16,703;-3;
16,727;-3;
16,742;-3;
16,759;-3;
16,776;-3;
16,79;-3;
16,806;-3;
16,82;-3;
16,838;-3;
16,85;-3;
16,871;-3;
16,903;-3;
16,928;-3;
16,944;-3;
16,96;-3;
16,975;-3;
16,989;-3;
17,006;-3;
17,02;-3;
17,034;-3;
17,053;-3;
17,073;-3;
17,105;-3;
17,131;-3;
17,148;-3;
17,167;-3;
17,193;-3;
17,214;-3;
17,239;-3;
17,255;-3;
17,27;-3;
17,285;-3;
17,301;-3;
17,318;-3;
17,333;-3;
17,347;-3;
17,367;-3;
17,396;-3;
17,424;-3;
17,442;-3;
17,473;-3;
17,501;-3;
17,524;-3;
17,548;-3;
17,562;-3;
17,584;-3;
17,616;-3;
17,64;-3;
17,656;-3;
17,673;-3;
17,686;-3;
17,703;-3;
17,719;-3;
17,734;-3;
17,749;-3;
17,768;-1;
17,781;-3;
17,797;-3;
17,813;-3;
17,833;-3;
17,866;-3;
17,891;-3;
17,913;-3;
17,937;-3;
17,952;-3;
17,969;-3;
17,984;-3;
17,999;-3;
18,014;-3;
18,032;-3;
18,045;-3;
18,061;-3;
18,077;-3;
18,093;-3;
18,107;-3;
18,129;-3;
18,157;-3;
18,186;-3;
18,199;-3;
18,217;-3;
18,23;-3;
18,247;-3;
18,268;-3;
18,295;-3;
18,309;-3;
18,326;-3;
18,342;-3;
18,361;-3;
18,386;-3;
18,405;-3;
0;-0,005859375;
0;-0,005859375;
0,015;-0,005859375;
0,03;-0,005859375;
0,046;-0,005859375;
0,062;-0,005859375;
0,078;-0,005859375;
0,093;-0,005859375;
0,116;-0,005859375;
0,148;-0,005859375;
0,171;-0,005859375;
0,188;-0,005859375;
0,208;-0,005859375;
0,237;-0,005859375;
0,265;-0,005859375;
0,282;-0,005859375;
0,296;-0,005859375;
0,313;-0,005859375;
0,333;-0,005859375;
0,363;-0,005859375;
0,395;-0,005859375;
0,427;-0,005859375;
0,452;-0,001953125;
0,468;-0,005859375;
0,486;-0,005859375;
0,5;-0,005859375;
0,519;-0,005859375;
0,55;-0,005859375;
0,585;-0,005859375;
0,616;-0,005859375;
0,647;-0,005859375;
0,681;-0,005859375;
0,703;-0,005859375;
0,718;-0,005859375;
0,735;-0,005859375;
0,764;-0,005859375;
0,778;-0,005859375;
0,8;-0,005859375;
0,832;-0,005859375;
0,865;-0,005859375;
0,893;-0,005859375;
0,928;-0,005859375;
0,95;-0,001953125;
0,968;-0,005859375;
1;-0,005859375;
1,013;-0,005859375;
1,031;-0,005859375;
1,045;-0,005859375;
1,06;-0,005859375;
1,073;-0,005859375;
1,099;-0,005859375;
1,124;-0,005859375;
1,151;-0,005859375;
1,176;-0,005859375;
1,207;-0,005859375;
1,231;-0,005859375;
1,245;-0,005859375;
1,263;-0,005859375;
1,282;-0,005859375;
1,315;-0,005859375;
1,347;-0,005859375;
1,38;-0,001953125;
1,408;0,001953125;
1,443;0,001953125;
1,466;0,001953125;
1,483;-0,00390625;
1,497;0,001953125;
1,516;0,001953125;
1,545;-0,00390625;
1,558;-0,001953125;
1,58;-0,005859375;
1,605;-0,005859375;
1,63;0,001953125;
1,658;0,001953125;
1,689;0,001953125;
1,721;0,001953125;
1,751;-0,001953125;
1,782;0;
1,81;0,001953125;
1,825;0,001953125;
1,839;0,001953125;
1,858;0,001953125;
1,89;0,001953125;
1,921;0;
1,952;-0,001953125;
1,982;0,001953125;
2,011;-0,001953125;
2,023;0;
2,046;0,001953125;
2,073;0,001953125;
2,086;0,001953125;
2,11;0,001953125;
2,138;0,001953125;
2,175;0,001953125;
2,202;0,001953125;
2,229;0,001953125;
2,245;0,001953125;
2,26;-0,001953125;
2,275;0,001953125;
2,289;0,001953125;
2,304;0,001953125;
2,321;0,001953125;
2,338;0,001953125;
2,372;0,001953125;
2,4;0,001953125;
2,428;0,001953125;
2,444;0,001953125;
2,46;-0,00390625;
2,475;0;
2,487;-0,005859375;
2,505;-0,005859375;
2,524;-0,005859375;
2,557;0,001953125;
2,592;-0,001953125;
2,622;-0,00390625;
2,654;0,001953125;
2,678;-0,001953125;
2,691;-0,00390625;
2,714;0;
2,739;-0,001953125;
2,757;-0,00390625;
2,79;-0,001953125;
2,818;-0,005859375;
2,835;-0,005859375;
2,855;-0,005859375;
2,886;-0,001953125;
2,915;0,001953125;
2,947;-0,001953125;
2,973;-0,00390625;
2,992;-0,005859375;
3,02;-0,005859375;
3,038;-0,005859375;
3,054;-0,001953125;
3,066;-0,005859375;
3,083;-0,005859375;
3,097;-0,005859375;
3,122;-0,005859375;
3,144;-0,005859375;
3,166;0;
3,192;-0,001953125;
3,22;0;
3,235;-0,005859375;
3,253;-0,001953125;
3,287;-0,005859375;
3,316;-0,001953125;
3,346;0;
3,373;-0,00390625;
3,395;-0,005859375;
3,425;-0,005859375;
3,451;-0,005859375;
3,467;-0,005859375;
3,483;-0,005859375;
3,5;-0,005859375;
3,52;-0,005859375;
3,548;-0,005859375;
3,566;-0,005859375;
3,598;-0,005859375;
3,625;-0,005859375;
3,638;-0,005859375;
3,658;-0,005859375;
3,689;-0,005859375;
3,723;-0,005859375;
3,75;-0,005859375;
3,763;-0,001953125;
3,781;-0,005859375;
3,797;-0,005859375;
3,826;-0,005859375;
3,842;-0,005859375;
3,855;-0,005859375;
3,871;-0,005859375;
3,891;-0,005859375;
3,918;-0,005859375;
3,933;-0,005859375;
3,952;-0,005859375;
3,978;-0,005859375;
3,997;-0,005859375;
4,018;-0,005859375;
4,043;-0,005859375;
4,06;-0,005859375;
4,094;-0,005859375;
4,123;-0,005859375;
4,15;-0,001953125;
4,166;0;
4,185;-0,005859375;
4,214;-0,00390625;
4,229;-0,005859375;
4,247;-0,005859375;
4,276;-0,005859375;
4,294;-0,005859375;
4,32;-0,005859375;
4,342;-0,005859375;
4,377;-0,005859375;
4,4;-0,005859375;
4,416;-0,005859375;
4,434;-0,005859375;
4,466;-0,005859375;
4,491;-0,005859375;
4,507;-0,005859375;
4,523;-0,005859375;
4,54;-0,005859375;
4,553;-0,005859375;
4,571;-0,005859375;
4,59;-0,005859375;
4,625;-0,001953125;
4,647;-0,005859375;
4,665;-0,005859375;
4,677;-0,005859375;
4,695;-0,005859375;
4,71;-0,005859375;
4,727;-0,005859375;
4,758;0;
4,785;-0,001953125;
4,807;-0,005859375;
4,833;-0,005859375;
4,848;-0,00390625;
4,864;-0,005859375;
4,88;-0,005859375;
4,896;-0,00390625;
4,911;-0,005859375;
4,925;-0,005859375;
4,943;-0,005859375;
4,956;-0,005859375;
4,973;-0,005859375;
4,99;-0,005859375;
5,011;-0,005859375;
5,036;-0,005859375;
5,05;-0,005859375;
5,071;-0,005859375;
5,098;-0,005859375;
5,129;-0,005859375;
5,144;-0,005859375;
5,157;-0,005859375;
5,176;-0,005859375;
5,204;-0,005859375;
5,222;-0,005859375;
5,256;-0,005859375;
5,283;-0,005859375;
5,298;-0,005859375;
5,314;-0,005859375;
5,327;-0,005859375;
5,344;-0,005859375;
5,37;-0,005859375;
5,391;-0,005859375;
5,406;-0,005859375;
5,42;-0,005859375;
5,439;-0,005859375;
5,471;-0,005859375;
5,504;-0,005859375;
5,53;-0,005859375;
5,545;-0,005859375;
5,56;-0,005859375;
5,576;-0,005859375;
5,59;-0,005859375;
5,606;-0,005859375;
5,624;-0,005859375;
5,657;-0,005859375;
5,687;-0,005859375;
5,721;-0,005859375;
5,744;-0,005859375;
5,762;-0,005859375;
5,776;-0,005859375;
5,791;-0,00390625;
5,81;-0,005859375;
5,838;-0,005859375;
5,854;-0,005859375;
5,869;-0,005859375;
5,887;-0,005859375;
5,91;-0,005859375;
5,935;-0,005859375;
5,968;-0,005859375;
5,995;-0,005859375;
6,01;-0,005859375;
6,026;-0,005859375;
6,042;-0,005859375;
6,058;-0,005859375;
6,073;-0,005859375;
6,086;-0,005859375;
6,102;-0,005859375;
6,117;-0,005859375;
6,14;-0,005859375;
6,167;-0,005859375;
6,201;-0,005859375;
6,226;-0,005859375;
6,241;-0,005859375;
6,26;-0,005859375;
6,289;-0,005859375;
6,316;-0,005859375;
6,337;-0,005859375;
6,363;-0,005859375;
6,379;-0,005859375;
6,403;-0,005859375;
6,426;-0,005859375;
6,44;-0,005859375;
6,458;-0,005859375;
6,47;-0,005859375;
6,487;-0,005859375;
6,502;-0,005859375;
6,516;-0,005859375;
6,534;-0,005859375;
6,548;-0,005859375;
6,572;-0,005859375;
6,594;-0,005859375;
6,618;-0,005859375;
6,652;-0,005859375;
6,672;-0,005859375;
6,689;-0,005859375;
6,707;-0,005859375;
6,732;-0,005859375;
6,748;-0,005859375;
6,764;-0,005859375;
6,78;-0,005859375;
6,797;-0,005859375;
6,813;-0,005859375;
6,828;-0,005859375;
6,851;-0,005859375;
6,878;-0,005859375;
6,914;-0,005859375;
6,942;-0,005859375;
6,972;-0,005859375;
7,004;-0,005859375;
7,03;-0,005859375;
7,047;-0,00390625;
7,066;-0,005859375;
7,1;-0,005859375;
7,124;-0,005859375;
7,145;-0,001953125;
7,176;-0,005859375;
7,199;-0,001953125;
7,213;0,001953125;
7,231;-0,00390625;
7,246;0,001953125;
7,263;0;
7,299;0;
7,329;0,001953125;
7,354;0,001953125;
7,369;0;
7,395;0;
7,416;0,001953125;
7,432;0,001953125;
7,451;0,001953125;
7,483;0,001953125;
7,514;0,001953125;
7,528;0,001953125;
7,544;0,001953125;
7,566;0,001953125;
7,596;0,001953125;
7,628;0,001953125;
7,66;0,001953125;
7,682;0,001953125;
7,7;0,001953125;
7,714;0,001953125;
7,726;0,001953125;
7,743;0,001953125;
7,759;0,001953125;
7,774;0,001953125;
7,795;0,001953125;
7,829;0,001953125;
7,858;0,001953125;
7,885;0,001953125;
7,9;0,001953125;
7,916;0,001953125;
7,932;0,001953125;
7,948;0,001953125;
7,962;0,001953125;
7,98;0,001953125;
7,994;0,001953125;
8,008;0,001953125;
8,024;0,001953125;
8,043;0,001953125;
8,055;0,001953125;
8,074;0,001953125;
8,107;0,001953125;
8,131;0,001953125;
8,146;0,001953125;
8,166;0,001953125;
8,192;0,001953125;
8,208;0,001953125;
8,229;0,001953125;
8,262;0,001953125;
8,292;0,001953125;
8,324;0,001953125;
8,349;0,001953125;
8,366;0,001953125;
8,38;0,001953125;
8,4;0,001953125;
8,425;0,001953125;
8,45;0,001953125;
8,476;0,001953125;
8,508;0,001953125;
8,535;0,001953125;
8,552;0,001953125;
8,568;0,001953125;
8,597;0,001953125;
8,612;0,001953125;
8,627;0,001953125;
8,644;0,001953125;
8,658;0,001953125;
8,675;0,001953125;
8,689;0,001953125;
8,705;0,001953125;
8,72;0,001953125;
8,737;0,001953125;
8,754;0,001953125;
8,77;0,001953125;
8,784;0,001953125;
8,805;0,001953125;
8,829;0,001953125;
8,846;0,001953125;
8,86;0,001953125;
8,878;0,001953125;
8,891;0,001953125;
8,908;0,001953125;
8,926;0,001953125;
8,954;0,001953125;
8,97;0,001953125;
8,986;0,001953125;
9,002;0,001953125;
9,018;0,001953125;
9,036;0,001953125;
9,065;0,001953125;
9,078;0,001953125;
9,099;0,001953125;
9,129;0,001953125;
9,159;0,001953125;
9,18;0,001953125;
9,203;0,001953125;
9,218;0;
9,233;0,001953125;
9,254;0,001953125;
9,283;0;
9,296;0,001953125;
9,311;-0,001953125;
9,325;-0,00390625;
9,343;-0,00390625;
9,356;-0,005859375;
9,377;-0,00390625;
9,404;-0,005859375;
9,419;-0,00390625;
9,435;-0,005859375;
9,451;-0,00390625;
9,468;-0,001953125;
9,483;-0,005859375;
9,503;-0,005859375;
9,529;-0,005859375;
9,542;-0,00390625;
9,561;-0,005859375;
9,589;-0,005859375;
9,604;-0,005859375;
9,619;-0,005859375;
9,636;-0,001953125;
9,653;-0,005859375;
9,687;-0,005859375;
9,716;-0,005859375;
9,745;-0,005859375;
9,76;-0,005859375;
9,776;-0,005859375;
9,79;-0,005859375;
9,805;0;
9,82;-0,001953125;
9,836;-0,005859375;
9,851;0;
9,867;0,001953125;
9,884;0,001953125;
9,899;-0,00390625;
9,916;-0,005859375;
9,94;-0,005859375;
9,962;-0,00390625;
9,98;-0,005859375;
10,016;-0,00390625;
10,038;-0,005859375;
10,054;-0,005859375;
10,07;-0,005859375;
10,085;-0,005859375;
10,101;-0,005859375;
10,119;-0,005859375;
10,153;-0,00390625;
10,182;-0,005859375;
10,21;-0,005859375;
10,224;-0,005859375;
10,24;-0,005859375;
10,255;-0,005859375;
10,278;-0,005859375;
10,302;-0,005859375;
10,316;-0,005859375;
10,336;0;
10,364;-0,001953125;
10,379;-0,005859375;
10,398;-0,005859375;
10,431;-0,00390625;
10,457;-0,00390625;
10,472;-0,00390625;
10,487;-0,005859375;
10,501;-0,005859375;
10,519;-0,001953125;
10,536;-0,005859375;
10,55;-0,005859375;
10,564;-0,001953125;
10,581;-0,005859375;
10,596;-0,001953125;
10,612;0,001953125;
10,631;-0,005859375;
10,662;-0,00390625;
10,694;-0,005859375;
10,723;-0,005859375;
10,752;-0,005859375;
10,765;-0,005859375;
10,781;-0,005859375;
10,799;-0,005859375;
10,812;-0,005859375;
10,827;-0,005859375;
10,843;0;
10,861;-0,005859375;
10,894;-0,005859375;
10,929;-0,005859375;
10,951;-0,005859375;
10,966;-0,005859375;
10,981;-0,001953125;
11,005;-0,00390625;
11,029;-0,00390625;
11,048;-0,005859375;
11,082;-0,005859375;
11,107;-0,005859375;
11,129;-0,005859375;
11,17;-0,005859375;
11,184;-0,00390625;
11,198;-0,005859375;
11,212;-0,001953125;
11,232;-0,005859375;
11,244;-0,005859375;
11,26;0;
11,274;-0,005859375;
11,291;-0,005859375;
11,308;-0,005859375;
11,323;-0,00390625;
11,344;-0,00390625;
11,375;-0,005859375;
11,406;-0,005859375;
11,438;-0,005859375;
11,462;-0,001953125;
11,477;-0,005859375;
11,495;-0,005859375;
11,525;-0,005859375;
11,54;-0,005859375;
11,561;-0,005859375;
11,59;-0,005859375;
11,616;-0,005859375;
11,633;-0,001953125;
11,651;-0,001953125;
11,682;-0,005859375;
11,712;-0,005859375;
11,739;-0,005859375;
11,755;-0,005859375;
11,771;-0,005859375;
11,79;-0,005859375;
11,818;-0,005859375;
11,84;-0,005859375;
11,864;-0,005859375;
11,88;-0,005859375;
11,895;-0,005859375;
11,912;-0,005859375;
11,924;-0,005859375;
11,94;-0,005859375;
11,957;-0,001953125;
11,972;-0,001953125;
11,994;-0,005859375;
12,021;-0,005859375;
12,036;-0,001953125;
12,056;-0,005859375;
12,084;-0,005859375;
12,104;-0,005859375;
12,132;-0,005859375;
12,16;-0,005859375;
12,173;-0,005859375;
12,191;-0,005859375;
12,204;-0,005859375;
12,221;-0,005859375;
12,236;-0,005859375;
12,252;-0,005859375;
12,275;-0,005859375;
12,303;-0,005859375;
12,33;-0,005859375;
12,346;-0,001953125;
12,361;0;
12,374;-0,001953125;
12,394;-0,005859375;
12,422;-0,005859375;
12,438;-0,001953125;
12,452;-0,005859375;
12,468;-0,00390625;
12,486;-0,001953125;
12,502;-0,005859375;
12,532;-0,005859375;
12,546;-0,005859375;
12,561;-0,001953125;
12,583;-0,001953125;
12,609;-0,00390625;
12,627;-0,005859375;
12,663;-0,005859375;
12,683;-0,005859375;
12,706;-0,005859375;
12,732;-0,005859375;
12,751;-0,005859375;
12,78;-0,005859375;
12,796;-0,00390625;
12,824;-0,005859375;
12,839;0;
12,856;-0,001953125;
12,875;0;
12,907;-0,005859375;
12,932;-0,001953125;
12,953;0;
12,988;-0,005859375;
13,011;-0,005859375;
13,028;-0,005859375;
13,043;-0,005859375;
13,057;-0,005859375;
13,073;-0,001953125;
13,088;-0,005859375;
13,104;-0,005859375;
13,122;-0,005859375;
13,141;0;
13,166;0,001953125;
13,181;0,001953125;
13,195;0,001953125;
13,214;-0,00390625;
13,234;0;
13,261;0;
13,282;0,001953125;
13,314;0,001953125;
13,337;0,001953125;
13,353;-0,001953125;
13,372;0,001953125;
13,392;-0,005859375;
13,418;-0,00390625;
13,43;-0,00390625;
13,448;0;
13,468;-0,00390625;
13,494;-0,005859375;
13,508;-0,001953125;
13,523;-0,00390625;
13,545;-0,001953125;
13,57;-0,00390625;
13,588;-0,005859375;
13,602;0,001953125;
13,619;0,001953125;
13,634;-0,001953125;
13,648;0;
13,662;-0,00390625;
13,684;0,001953125;
13,713;0,001953125;
13,745;0,001953125;
13,773;0,001953125;
13,787;0,001953125;
13,805;0,001953125;
13,834;0,001953125;
13,85;0,001953125;
13,868;0,001953125;
13,896;0,001953125;
13,918;0,001953125;
13,942;0,001953125;
13,961;0,001953125;
13,993;0,001953125;
14,024;0,001953125;
14,054;0,001953125;
14,07;0,001953125;
14,085;0,001953125;
14,097;0,001953125;
14,115;0,001953125;
14,127;0,001953125;
14,146;0,001953125;
14,16;-0,001953125;
14,175;-0,00390625;
14,195;0,001953125;
14,23;0,001953125;
14,255;0,001953125;
14,27;0,001953125;
14,285;0;
14,305;-0,00390625;
14,333;-0,00390625;
14,35;0,001953125;
14,366;0,001953125;
14,384;0,001953125;
14,41;0,001953125;
14,428;0,001953125;
14,444;0,001953125;
14,457;0,001953125;
14,476;0,001953125;
14,505;0,001953125;
14,525;0;
14,552;-0,005859375;
14,567;-0,005859375;
14,586;-0,005859375;
14,613;-0,00390625;
14,627;-0,005859375;
14,642;-0,005859375;
14,66;-0,005859375;
14,674;-0,005859375;
14,7;-0,005859375;
14,722;-0,00390625;
14,74;-0,005859375;
14,768;-0,001953125;
14,786;-0,001953125;
14,812;-0,005859375;
14,828;-0,005859375;
14,844;-0,005859375;
14,862;-0,00390625;
14,89;0;
14,91;-0,005859375;
14,942;-0,005859375;
14,97;-0,005859375;
14,998;-0,005859375;
15,014;-0,005859375;
15,031;-0,005859375;
15,045;-0,005859375;
15,061;-0,005859375;
15,076;-0,005859375;
15,092;-0,005859375;
15,108;-0,005859375;
15,123;-0,005859375;
15,139;-0,005859375;
15,156;-0,005859375;
15,171;-0,005859375;
15,191;-0,005859375;
15,225;-0,005859375;
15,246;-0,005859375;
15,271;-0,005859375;
15,294;-0,005859375;
15,311;-0,005859375;
15,325;-0,005859375;
15,341;-0,005859375;
15,356;-0,005859375;
15,375;-0,005859375;
15,404;-0,005859375;
15,422;-0,005859375;
15,451;-0,005859375;
15,467;-0,005859375;
15,496;-0,005859375;
15,512;-0,005859375;
15,526;-0,005859375;
15,542;-0,005859375;
15,556;-0,005859375;
15,571;-0,005859375;
15,588;-0,005859375;
15,602;-0,005859375;
15,624;-0,005859375;
15,652;-0,005859375;
15,664;-0,005859375;
15,68;-0,005859375;
15,693;-0,005859375;
15,71;-0,005859375;
15,724;-0,005859375;
15,74;-0,005859375;
15,758;-0,005859375;
15,772;-0,005859375;
15,787;-0,005859375;
15,802;-0,005859375;
15,82;-0,005859375;
15,833;-0,005859375;
15,85;-0,005859375;
15,868;-0,005859375;
15,9;-0,005859375;
15,934;-0,005859375;
15,959;-0,005859375;
15,974;-0,005859375;
15,987;-0,005859375;
16,005;-0,005859375;
16,022;-0,005859375;
16,039;-0,005859375;
16,065;0;
16,084;-0,005859375;
16,117;-0,005859375;
16,149;-0,005859375;
16,18;-0,005859375;
16,205;-0,005859375;
16,222;-0,005859375;
16,252;-0,005859375;
16,265;-0,005859375;
16,286;-0,005859375;
16,313;-0,005859375;
16,334;-0,005859375;
16,366;-0,005859375;
16,393;-0,005859375;
16,407;-0,005859375;
16,422;-0,005859375;
16,441;-0,005859375;
16,455;-0,005859375;
16,47;-0,005859375;
16,486;-0,005859375;
16,501;-0,005859375;
16,522;-0,005859375;
16,549;-0,005859375;
16,564;-0,001953125;
16,58;-0,005859375;
16,604;-0,00390625;
16,624;-0,005859375;
16,641;-0,005859375;
16,656;-0,005859375;
16,674;-0,005859375;
16,696;-0,005859375;
16,719;-0,005859375;
16,734;-0,005859375;
16,75;-0,005859375;
16,765;-0,005859375;
16,78;-0,005859375;
16,8;-0,005859375;
16,835;-0,005859375;
16,859;-0,005859375;
16,877;-0,005859375;
16,905;-0,00390625;
16,923;-0,001953125;
16,935;-0,005859375;
16,953;-0,005859375;
16,975;-0,005859375;
16,998;-0,005859375;
17,013;-0,005859375;
17,036;-0,005859375;
17,063;-0,005859375;
17,078;-0,00390625;
17,098;-0,005859375;
17,126;-0,005859375;
17,154;-0,005859375;
17,169;-0,005859375;
17,189;-0,005859375;
17,218;-0,005859375;
17,234;-0,005859375;
17,251;-0,005859375;
17,266;-0,005859375;
17,281;-0,005859375;
17,296;-0,005859375;
17,312;-0,005859375;
17,325;-0,005859375;
17,344;0;
17,357;0;
17,373;-0,005859375;
17,391;-0,005859375;
17,405;-0,005859375;
17,42;-0,005859375;
17,434;-0,005859375;
17,452;-0,005859375;
17,472;-0,005859375;
17,499;-0,005859375;
17,516;-0,005859375;
17,531;-0,005859375;
17,544;-0,005859375;
17,56;-0,005859375;
17,576;-0,005859375;
17,591;-0,005859375;
17,608;-0,005859375;
17,624;-0,005859375;
17,642;-0,005859375;
17,672;-0,005859375;
17,701;-0,005859375;
17,717;-0,005859375;
17,734;-0,005859375;
17,762;-0,005859375;
17,779;-0,005859375;
17,792;-0,005859375;
17,81;-0,005859375;
17,824;-0,005859375;
17,843;-0,005859375;
17,874;-0,005859375;
17,907;-0,005859375;
17,938;-0,005859375;
17,965;-0,005859375;
17,978;-0,005859375;
17,994;-0,005859375;
18,01;-0,005859375;
18,026;-0,005859375;
18,043;-0,005859375;
18,058;-0,005859375;
18,074;-0,005859375;
18,089;-0,005859375;
18,106;-0,005859375;
18,123;-0,005859375;
18,151;-0,005859375;
18,165;-0,005859375;
18,186;-0,005859375;
18,224;-0,005859375;
18,243;-0,005859375;
18,258;-0,005859375;
18,274;-0,005859375;
18,289;-0,005859375;
18,304;-0,005859375;
18,324;-0,005859375;
18,352;-0,005859375;
18,375;-0,005859375;
18,397;-0,005859375;
18,414;-0,005859375;
18,43;-0,005859375;
18,443;-0,005859375;
18,464;-0,005859375;
18,493;-0,005859375;
18,509;-0,005859375;
18,523;-0,005859375;
18,538;-0,005859375;
18,554;-0,005859375;
18,569;-0,00390625;
18,587;-0,005859375;
18,602;-0,005859375;
18,62;-0,005859375;
18,649;-0,005859375;
18,661;-0,005859375;
18,677;-0,005859375;
18,697;-0,005859375;
18,725;-0,005859375;
18,74;-0,005859375;
18,754;-0,005859375;
18,77;-0,005859375;
18,789;-0,005859375;
18,822;-0,005859375;
18,847;-0,005859375;
18,862;-0,005859375;
18,878;-0,005859375;
18,902;-0,005859375;
18,923;-0,005859375;
18,94;-0,005859375;
18,954;-0,005859375;
18,976;-0,005859375;
19;-0,001953125;
19,017;0,001953125;
19,039;-0,00390625;
19,067;-0,005859375;
19,093;-0,00390625;
19,117;-0,005859375;
19,142;-0,001953125;
19,156;-0,005859375;
19,172;-0,005859375;
19,19;-0,005859375;
19,217;-0,005859375;
19,234;-0,001953125;
19,249;0,001953125;
19,27;-0,005859375;
19,297;-0,005859375;
19,319;-0,005859375;
19,345;-0,005859375;
19,374;-0,001953125;
19,387;-0,00390625;
19,404;-0,001953125;
19,422;-0,005859375;
19,435;-0,00390625;
19,453;-0,005859375;
19,468;-0,005859375;
19,483;-0,005859375;
19,5;-0,005859375;
19,514;-0,005859375;
19,537;-0,005859375;
19,563;-0,005859375;
19,578;-0,005859375;
19,596;-0,00390625;
19,618;-0,005859375;
19,64;-0,005859375;
19,655;-0,005859375;
19,672;-0,005859375;
19,685;-0,00390625;
19,705;-0,005859375;
19,734;-0,005859375;
19,75;-0,005859375;
19,764;-0,005859375;
19,779;-0,005859375;
19,8;-0,005859375;
19,83;-0,005859375;
19,861;-0,005859375;
19,889;-0,005859375;
19,902;0;
19,919;0,001953125;
19,937;0;
19,965;0;
19,98;0;
19,996;0,001953125;
20,012;-0,001953125;
20,03;0,001953125;
20,057;0,001953125;
20,072;0,001953125;
20,091;0,001953125;
20,109;0,001953125;
20,136;0,001953125;
20,151;0,001953125;
20,163;0;
20,181;0,001953125;
20,198;0,001953125;
20,211;0,001953125;
20,226;0,001953125;
20,242;-0,001953125;
20,26;0,001953125;
20,275;-0,001953125;
20,29;0,001953125;
20,31;0,001953125;
20,336;0;
20,356;0,001953125;
20,387;0,001953125;
20,417;-0,001953125;
20,432;0,001953125;
20,445;0,001953125;
20,463;0,001953125;
20,476;0,001953125;
20,491;0,001953125;
20,512;0,001953125;
20,544;0,001953125;
20,57;0,001953125;
20,587;0,001953125;
20,61;0,001953125;
20,632;0,001953125;
20,645;-0,00390625;
20,662;-0,00390625;
20,678;-0,00390625;
20,693;0,001953125;
20,71;0,001953125;
20,734;0,001953125;
20,755;-0,005859375;
20,776;-0,001953125;
20,805;-0,005859375;
20,82;0;
20,836;-0,005859375;
20,865;-0,005859375;
20,881;-0,005859375;
20,897;-0,005859375;
20,911;-0,005859375;
20,928;-0,001953125;
20,941;-0,001953125;
20,963;-0,00390625;
20,992;-0,00390625;
21,027;-0,005859375;
21,05;0;
21,066;-0,001953125;
21,082;-0,005859375;
21,104;-0,005859375;
21,129;-0,001953125;
21,144;-0,005859375;
21,159;0;
21,175;0;
21,188;-0,005859375;
21,211;-0,00390625;
21,235;-0,005859375;
21,254;-0,005859375;
21,282;-0,005859375;
21,296;-0,005859375;
21,312;-0,00390625;
21,328;0,001953125;
21,343;-0,001953125;
21,357;0;
21,376;-0,005859375;
21,388;0;
21,406;0,001953125;
21,438;0,001953125;
21,469;0,001953125;
21,498;-0,00390625;
21,512;-0,001953125;
21,529;-0,005859375;
21,545;-0,005859375;
21,56;-0,001953125;
21,575;-0,005859375;
21,594;-0,005859375;
21,622;-0,00390625;
21,638;-0,001953125;
21,654;-0,005859375;
21,669;-0,005859375;
21,687;-0,005859375;
21,717;-0,005859375;
21,754;-0,00390625;
21,776;-0,001953125;
21,793;-0,005859375;
21,809;-0,00390625;
21,825;-0,005859375;
21,839;-0,00390625;
21,853;-0,00390625;
21,87;-0,00390625;
21,886;-0,005859375;
21,901;-0,005859375;
21,92;-0,001953125;
21,95;-0,001953125;
21,978;-0,005859375;
21,995;-0,005859375;
22,008;-0,001953125;
22,024;0;
22,039;-0,001953125;
22,055;-0,005859375;
22,07;-0,00390625;
22,088;-0,005859375;
22,102;-0,005859375;
22,118;-0,001953125;
22,134;-0,005859375;
22,152;-0,005859375;
22,187;-0,005859375;
22,21;-0,005859375;
22,224;-0,00390625;
22,24;-0,005859375;
22,256;-0,005859375;
22,271;-0,005859375;
22,287;-0,005859375;
22,301;-0,005859375;
22,318;-0,001953125;
22,338;-0,001953125;
22,367;0,001953125;
22,396;0,001953125;
22,423;0,001953125;
22,439;0,001953125;
22,455;0,001953125;
22,472;0;
22,488;0,001953125;
22,503;0,001953125;
22,519;0,001953125;
22,534;0,001953125;
22,55;0,001953125;
22,571;0,001953125;
22,599;0,001953125;
22,627;0,001953125;
22,647;0,001953125;
22,675;0,001953125;
22,692;0,001953125;
22,719;0;
22,734;0,001953125;
22,751;-0,001953125;
22,765;0;
22,783;0,001953125;
22,801;0,001953125;
22,832;-0,00390625;
22,866;0;
22,895;-0,005859375;
22,908;-0,005859375;
22,924;0;
22,939;-0,005859375;
22,955;0;
22,971;-0,005859375;
22,985;-0,001953125;
23,002;-0,005859375;
23,016;-0,00390625;
23,032;-0,001953125;
23,047;-0,005859375;
23,065;-0,005859375;
23,083;-0,005859375;
23,113;-0,005859375;
23,141;-0,005859375;
23,166;-0,005859375;
23,187;-0,005859375;
23,206;-0,005859375;
23,237;-0,005859375;
23,264;-0,005859375;
23,28;-0,005859375;
23,295;-0,005859375;
23,312;-0,005859375;
23,327;-0,005859375;
23,347;-0,005859375;
23,373;-0,005859375;
23,389;-0,005859375;
23,404;-0,005859375;
23,419;-0,005859375;
23,436;-0,005859375;
23,448;-0,005859375;
23,464;-0,005859375;
23,487;-0,005859375;
23,512;-0,005859375;
23,528;-0,005859375;
23,543;-0,005859375;
23,564;-0,00390625;
23,595;-0,005859375;
23,623;-0,005859375;
23,642;-0,005859375;
23,667;-0,005859375;
23,682;-0,005859375;
23,699;-0,005859375;
23,717;-0,00390625;
23,731;0;
23,746;-0,005859375;
23,76;-0,005859375;
23,777;-0,005859375;
23,796;-0,005859375;
23,83;-0,005859375;
23,86;-0,005859375;
23,885;-0,005859375;
23,9;-0,005859375;
23,919;-0,005859375;
23,946;-0,005859375;
23,966;-0,005859375;
23,991;-0,005859375;
24,012;-0,005859375;
24,044;-0,005859375;
24,069;-0,005859375;
24,09;-0,005859375;
24,114;-0,005859375;
24,132;-0,005859375;
24,146;-0,005859375;
24,166;-0,005859375;
24,191;-0,005859375;
24,208;-0,005859375;
24,228;-0,005859375;
24,252;-0,005859375;
24,269;-0,005859375;
24,282;-0,005859375;
24,299;-0,005859375;
24,315;-0,005859375;
24,33;-0,005859375;
24,344;-0,005859375;
24,362;-0,005859375;
24,376;-0,005859375;
24,394;-0,005859375;
24,412;-0,005859375;
24,443;-0,00390625;
24,474;-0,005859375;
24,49;-0,005859375;
24,504;-0,005859375;
24,526;-0,005859375;
24,549;-0,005859375;
24,565;-0,00390625;
24,583;-0,00390625;
24,597;-0,005859375;
24,614;0;
24,627;0;
24,641;-0,005859375;
24,656;-0,005859375;
24,672;-0,005859375;
24,691;-0,005859375;
24,727;-0,00390625;
24,752;-0,001953125;
24,773;-0,00390625;
24,796;-0,005859375;
24,812;-0,005859375;
24,83;0,001953125;
24,86;-0,001953125;
24,874;0;
24,891;0,001953125;
24,906;0,001953125;
24,921;0;
24,937;-0,001953125;
24,953;0,001953125;
24,969;0,001953125;
24,987;0;
25,019;0,001953125;
25,053;0,001953125;
25,079;0,001953125;
25,093;0,001953125;
25,119;0,001953125;
25,14;0,001953125;
25,154;0,001953125;
25,172;0,001953125;
25,186;0,001953125;
25,202;0,001953125;
25,218;0,001953125;
25,234;0,001953125;
25,251;0;
25,279;0,001953125;
25,296;0;
25,311;0,001953125;
25,329;-0,001953125;
25,357;0;
25,372;-0,00390625;
25,388;-0,00390625;
25,408;0,001953125;
25,435;0,001953125;
25,458;0,001953125;
25,482;0,001953125;
25,496;0,001953125;
25,512;0,001953125;
25,535;0,001953125;
25,559;0,001953125;
25,576;0,001953125;
25,589;0,001953125;
25,607;0,001953125;
25,621;0,001953125;
25,637;0,001953125;
25,653;0,001953125;
25,668;0,001953125;
25,686;0,001953125;
25,699;0,001953125;
25,722;0,001953125;
25,748;0,001953125;
25,77;0,001953125;
25,793;-0,001953125;
25,813;0,001953125;
25,839;0,001953125;
25,855;0;
25,871;-0,00390625;
25,885;-0,005859375;
25,902;-0,00390625;
25,918;-0,005859375;
25,934;-0,001953125;
25,946;-0,005859375;
25,973;0;
25,997;0,001953125;
26,01;-0,001953125;
26,03;-0,005859375;
26,045;0;
26,062;0;
26,092;0;
26,106;-0,005859375;
26,123;-0,005859375;
26,138;-0,005859375;
26,151;-0,005859375;
26,17;-0,005859375;
26,187;-0,005859375;
26,2;-0,005859375;
26,224;-0,005859375;
26,254;0;
26,279;0;
26,294;-0,001953125;
26,31;0;
26,329;0;
26,354;0,001953125;
26,37;-0,00390625;
26,387;0,001953125;
26,399;-0,00390625;
26,417;-0,001953125;
26,43;-0,005859375;
26,447;-0,005859375;
26,462;0;
26,482;0,001953125;
26,51;-0,001953125;
26,524;0;
26,538;-0,005859375;
26,554;-0,005859375;
26,568;-0,00390625;
26,585;-0,005859375;
26,6;-0,005859375;
26,615;-0,005859375;
26,631;-0,005859375;
26,646;-0,005859375;
26,66;-0,005859375;
26,678;-0,005859375;
26,694;-0,005859375;
26,713;-0,005859375;
26,73;-0,005859375;
26,76;-0,001953125;
26,786;-0,005859375;
26,803;-0,005859375;
26,821;-0,005859375;
26,848;-0,005859375;
26,867;-0,005859375;
26,888;-0,005859375;
26,911;0;
26,926;0,001953125;
26,942;0,001953125;
26,961;0,001953125;
26,993;0,001953125;
27,02;0;
27,042;0,001953125;
27,066;0;
27,082;0,001953125;
27,096;0;
27,112;-0,001953125;
27,128;0,001953125;
27,144;-0,001953125;
27,158;-0,00390625;
27,176;-0,00390625;
27,192;-0,005859375;
27,208;-0,005859375;
27,228;-0,001953125;
27,254;-0,005859375;
27,269;-0,00390625;
27,284;-0,001953125;
27,299;-0,005859375;
27,316;-0,005859375;
27,33;-0,00390625;
27,346;-0,005859375;
27,363;-0,001953125;
27,377;-0,005859375;
27,392;-0,005859375;
27,408;-0,001953125;
27,426;-0,005859375;
27,439;-0,00390625;
27,456;-0,005859375;
27,476;-0,005859375;
27,501;-0,005859375;
27,521;-0,001953125;
27,549;-0,00390625;
27,565;0,001953125;
27,579;0,001953125;
27,596;0,001953125;
27,611;0,001953125;
27,626;0,001953125;
27,641;0,001953125;
27,658;0,001953125;
27,673;0,001953125;
27,69;0,001953125;
27,706;0,001953125;
27,72;0,001953125;
27,741;0,001953125;
27,767;0,001953125;
27,782;0,001953125;
27,797;0,001953125;
27,814;0,001953125;
27,83;0,001953125;
27,844;0,001953125;
27,86;0,001953125;
27,874;0,001953125;
27,889;0,001953125;
27,906;0,001953125;
27,921;0,001953125;
27,936;0,001953125;
27,952;0,001953125;
27,966;0,001953125;
27,988;0,001953125;
28,018;0,001953125;
28,044;0,001953125;
28,06;0,001953125;
28,076;0,001953125;
28,092;0,001953125;
28,107;0,001953125;
28,122;0,001953125;
28,138;0,001953125;
28,152;0,001953125;
28,174;0,001953125;
28,205;0,001953125;
28,231;-0,005859375;
28,252;0,001953125;
28,276;0,001953125;
28,292;-0,001953125;
28,308;0,001953125;
28,324;-0,00390625;
28,337;-0,005859375;
28,353;-0,005859375;
28,37;-0,005859375;
28,384;-0,001953125;
28,401;-0,005859375;
28,419;-0,005859375;
28,449;-0,005859375;
28,468;-0,005859375;
28,501;-0,005859375;
28,527;-0,005859375;
28,542;0;
28,561;-0,005859375;
28,587;0;
28,602;-0,005859375;
28,618;-0,001953125;
28,635;0;
28,651;-0,005859375;
28,665;-0,001953125;
28,686;-0,00390625;
28,713;-0,005859375;
28,728;-0,001953125;
28,743;-0,00390625;
28,759;-0,005859375;
28,772;-0,001953125;
28,791;0,001953125;
28,804;-0,00390625;
28,82;-0,005859375;
28,839;-0,005859375;
28,853;-0,005859375;
28,867;-0,005859375;
28,883;-0,00390625;
28,899;0,001953125;
28,915;-0,005859375;
28,932;-0,005859375;
28,949;-0,005859375;
28,963;-0,001953125;
28,984;-0,001953125;
29,008;0;
29,025;0,001953125;
29,04;0;
29,055;-0,005859375;
29,07;-0,00390625;
29,085;-0,00390625;
29,101;-0,001953125;
29,115;0,001953125;
29,131;-0,00390625;
29,147;0,001953125;
29,162;-0,00390625;
29,179;0,001953125;
29,194;-0,001953125;
29,21;-0,005859375;
29,225;-0,005859375;
29,24;-0,005859375;
29,257;-0,005859375;
29,272;0,001953125;
29,29;0,001953125;
29,306;0,001953125;
29,319;0,001953125;
29,335;0;
29,35;0,001953125;
29,365;0,001953125;
29,381;0,001953125;
29,397;-0,00390625;
29,413;-0,001953125;
29,428;-0,00390625;
29,444;-0,005859375;
29,462;-0,001953125;
29,493;-0,005859375;
29,505;-0,001953125;
29,521;-0,005859375;
29,537;-0,005859375;
29,558;-0,005859375;
29,582;-0,001953125;
29,598;-0,00390625;
29,614;-0,005859375;
29,629;-0,005859375;
29,645;-0,005859375;
29,661;-0,005859375;
29,678;-0,005859375;
29,692;-0,001953125;
29,71;0,001953125;
29,738;0;
29,753;0,001953125;
29,772;0,001953125;
29,8;-0,001953125;
29,812;0,001953125;
29,829;0;
29,848;-0,001953125;
29,879;-0,005859375;
29,907;0;
29,922;-0,005859375;
29,939;-0,001953125;
29,952;0;
29,968;-0,005859375;
29,986;-0,001953125;
29,999;0,001953125;
30,014;-0,005859375;
30,032;-0,001953125;
30,046;0,001953125;
30,062;-0,00390625;
30,078;-0,00390625;
30,095;-0,001953125;
30,113;0,001953125;
30,126;0;
30,142;0,001953125;
30,159;0,001953125;
30,177;0,001953125;
30,193;0;
30,206;0,001953125;
30,222;0,001953125;
30,236;-0,00390625;
30,251;-0,005859375;
30,267;0;
30,283;-0,001953125;
30,301;0;
30,314;0;
30,33;-0,001953125;
30,347;0;
30,36;0,001953125;
30,377;0;
30,392;-0,001953125;
30,408;-0,005859375;
30,424;0;
30,443;0;
30,474;0,001953125;
30,502;0,001953125;
30,516;-0,001953125;
30,535;-0,00390625;
30,548;0,001953125;
30,563;0;
30,584;-0,001953125;
30,611;-0,005859375;
30,627;-0,005859375;
30,642;-0,00390625;
30,658;-0,001953125;
30,673;0;
30,691;-0,001953125;
30,704;0;
30,723;-0,001953125;
30,75;0;
30,765;-0,001953125;
30,782;-0,005859375;
30,796;0;
30,816;0,001953125;
30,828;0;
30,847;0,001953125;
30,876;0,001953125;
30,891;0,001953125;
30,905;0,001953125;
30,923;0,001953125;
30,94;0,001953125;
30,97;0,001953125;
30,982;0,001953125;
30,999;0,001953125;
31,016;0,001953125;
31,03;0,001953125;
31,046;0,001953125;
31,061;0,001953125;
31,078;0,001953125;
31,094;0,001953125;
31,108;0,001953125;
31,122;0,001953125;
31,138;0,001953125;
31,155;0,001953125;
31,17;0,001953125;
31,188;0,001953125;
31,204;0,001953125;
31,217;0,001953125;
31,233;0,001953125;
31,249;0,001953125;
31,263;0,001953125;
31,278;0,001953125;
31,294;0,001953125;
31,31;0,001953125;
31,326;0,001953125;
31,342;0,0078125;
31,356;0,005859375;
31,371;0,0078125;
31,389;0,009765625;
31,403;0,009765625;
31,418;0,009765625;
31,438;0,009765625;
31,467;0,009765625;
31,484;0,009765625;
31,512;0,009765625;
31,527;0,009765625;
31,543;0,009765625;
31,557;0,009765625;
31,575;0,009765625;
31,588;0,009765625;
31,604;0,009765625;
31,62;0,009765625;
31,636;0,009765625;
31,651;0,009765625;
31,667;0,009765625;
31,682;0,009765625;
31,703;0,009765625;
31,729;0,009765625;
31,748;0,009765625;
31,775;0,009765625;
31,791;0,009765625;
31,806;0,009765625;
31,822;0,009765625;
31,837;0,009765625;
31,854;0,009765625;
31,868;0,009765625;
31,884;0,009765625;
31,902;0,009765625;
31,915;0,009765625;
31,931;0,009765625;
31,949;0,009765625;
31,963;0,009765625;
31,979;0,009765625;
31,994;0,009765625;
32,008;0,009765625;
32,025;0,009765625;
32,04;0,009765625;
32,055;0,009765625;
32,072;0,009765625;
32,087;0,009765625;
32,102;0,009765625;
32,115;0,009765625;
32,132;0,009765625;
32,148;0,009765625;
32,17;0,009765625;
32,195;0,009765625;
32,211;0,009765625;
32,226;0,009765625;
32,239;0,009765625;
32,256;0,009765625;
32,269;0,009765625;
32,286;0,009765625;
32,302;0,009765625;
32,318;0,009765625;
32,331;0,009765625;
32,347;0,009765625;
32,363;0,009765625;
32,379;0,009765625;
32,394;0,009765625;
32,414;0,009765625;
32,441;0,009765625;
32,455;0,009765625;
32,471;0,009765625;
32,486;0,009765625;
32,503;0,009765625;
32,519;0,009765625;
32,531;0,009765625;
32,548;0,009765625;
32,564;0,009765625;
32,578;0,009765625;
32,597;0,009765625;
32,628;0,009765625;
32,655;0,009765625;
32,671;0,009765625;
32,684;0,009765625;
32,701;0,009765625;
32,717;0,009765625;
32,732;0,009765625;
32,747;0,009765625;
32,762;0,009765625;
32,777;0,009765625;
32,794;0,009765625;
32,809;0,009765625;
32,825;0,009765625;
32,838;0,009765625;
32,856;0,009765625;
32,87;0,009765625;
32,887;0,009765625;
32,901;0,009765625;
32,919;0,009765625;
32,933;0,009765625;
32,948;0,009765625;
32,964;0,009765625;
32,978;0,009765625;
32,994;0,009765625;
33,011;0,013671875;
33,025;0,017578125;
33,04;0,017578125;
33,055;0,017578125;
33,072;0,017578125;
33,09;0,017578125;
33,117;0,017578125;
33,132;0,017578125;
33,148;0,017578125;
33,164;0,017578125;
33,178;0,017578125;
33,193;0,017578125;
33,21;0,017578125;
33,225;0,017578125;
33,241;0,017578125;
33,258;0,017578125;
33,272;0,017578125;
33,291;0,017578125;
33,303;0,017578125;
33,32;0,017578125;
33,336;0,017578125;
33,352;0,017578125;
33,368;0,017578125;
33,381;0,017578125;
33,4;0,017578125;
33,413;0,017578125;
33,431;0,017578125;
33,445;0,017578125;
33,459;0,017578125;
33,474;0,017578125;
33,489;0,017578125;
33,509;0,017578125;
33,539;0,017578125;
33,552;0,017578125;
33,571;0,017578125;
33,598;0,017578125;
33,614;0,017578125;
33,63;0,017578125;
33,643;0,017578125;
33,664;0,017578125;
33,68;0,017578125;
33,692;0,017578125;
33,708;0,013671875;
33,725;0,017578125;
33,739;0,013671875;
33,757;0,01171875;
33,772;0,01171875;
33,788;0,017578125;
33,806;0,017578125;
33,839;0,01171875;
33,864;0,01171875;
33,881;0,01171875;
33,894;0,01171875;
33,911;0,01171875;
33,926;0,01171875;
33,941;0,01171875;
33,959;0,01171875;
33,972;0,01171875;
33,988;0,01171875;
34,008;0,01171875;
34,038;0,01171875;
34,066;0,01171875;
34,08;0,01171875;
34,095;0,01171875;
34,111;0,01171875;
34,124;0,009765625;
34,147;0,00390625;
34,172;0,00390625;
34,187;0,00390625;
34,204;0,00390625;
34,218;0,00390625;
34,238;0,00390625;
34,255;0,00390625;
34,283;0,00390625;
34,298;0,00390625;
34,314;0,00390625;
34,33;0,00390625;
34,346;0,00390625;
34,359;-0,00390625;
34,377;-0,005859375;
34,389;-0,005859375;
34,406;0;
34,423;0,001953125;
34,438;-0,001953125;
34,453;-0,005859375;
34,469;-0,005859375;
34,486;-0,005859375;
34,502;-0,00390625;
34,521;-0,005859375;
34,546;-0,005859375;
34,562;-0,005859375;
34,585;-0,005859375;
34,61;-0,00390625;
34,624;-0,00390625;
34,64;-0,001953125;
34,656;0;
34,671;0;
34,685;-0,001953125;
34,704;0;
34,717;0;
34,736;-0,00390625;
34,749;0,001953125;
34,766;0;
34,78;-0,001953125;
34,796;-0,00390625;
34,811;-0,001953125;
34,828;-0,00390625;
34,842;-0,001953125;
34,858;0;
34,874;-0,005859375;
34,89;0;
34,905;-0,001953125;
34,919;0,001953125;
34,935;0;
34,95;0,001953125;
34,966;0,001953125;
34,989;0,001953125;
35,016;-0,001953125;
35,033;-0,005859375;
35,062;0;
35,078;0;
35,09;-0,005859375;
35,106;-0,001953125;
35,122;-0,005859375;
35,138;-0,005859375;
35,155;-0,005859375;
35,17;-0,005859375;
35,185;-0,00390625;
35,2;-0,005859375;
35,215;-0,005859375;
35,232;-0,005859375;
35,248;-0,005859375;
35,267;-0,005859375;
35,28;-0,005859375;
35,296;-0,005859375;
35,314;-0,005859375;
35,329;-0,005859375;
35,342;0;
35,358;-0,005859375;
35,373;-0,005859375;
35,388;-0,005859375;
35,404;-0,005859375;
35,419;-0,005859375;
35,434;0;
35,452;-0,005859375;
35,466;-0,005859375;
35,48;-0,005859375;
35,496;-0,005859375;
35,514;-0,001953125;
35,53;-0,00390625;
35,543;0,001953125;
35,559;-0,001953125;
35,573;-0,001953125;
35,59;0;
35,607;-0,00390625;
35,619;-0,001953125;
35,635;0;
35,65;0,001953125;
35,668;-0,001953125;
35,68;0;
35,696;-0,001953125;
35,711;-0,005859375;
35,727;-0,00390625;
35,744;0;
35,758;0,001953125;
35,773;-0,005859375;
35,789;-0,001953125;
35,803;-0,00390625;
35,819;-0,00390625;
35,834;0,001953125;
35,849;0,001953125;
35,865;0,001953125;
35,882;0,001953125;
35,896;-0,001953125;
35,912;-0,005859375;
35,928;-0,005859375;
35,944;0;
35,96;-0,005859375;
35,977;-0,001953125;
35,992;-0,00390625;
36,01;-0,005859375;
36,045;0;
36,077;-0,00390625;
36,098;-0,001953125;
36,117;0,001953125;
36,13;-0,00390625;
36,146;-0,005859375;
36,162;-0,005859375;
36,177;0;
36,192;0;
36,209;0,001953125;
36,227;-0,001953125;
36,242;0,001953125;
36,258;-0,001953125;
36,27;-0,001953125;
36,289;0;
36,302;-0,005859375;
36,318;0;
36,336;0;
36,366;0,001953125;
36,38;0;
36,395;0,001953125;
36,414;0;
36,444;0,001953125;
36,456;0,001953125;
36,477;0,001953125;
36,504;0;
36,519;0;
36,538;0;
36,565;-0,005859375;
36,583;-0,001953125;
36,596;0,001953125;
36,612;0,001953125;
36,629;-0,001953125;
36,644;-0,005859375;
36,66;-0,001953125;
36,674;-0,005859375;
36,692;-0,001953125;
36,705;0,001953125;
36,722;-0,00390625;
36,742;0,001953125;
36,77;0,001953125;
36,784;0,001953125;
36,8;-0,00390625;
36,814;-0,00390625;
36,83;-0,00390625;
36,844;-0,005859375;
36,86;-0,005859375;
36,875;-0,005859375;
36,892;-0,00390625;
36,906;-0,001953125;
36,923;-0,005859375;
36,937;-0,00390625;
36,955;-0,001953125;
36,969;-0,00390625;
36,985;-0,005859375;
37;0;
37,015;0,001953125;
37,036;0,001953125;
37,062;0,001953125;
37,078;0;
37,092;0,001953125;
37,108;0,001953125;
37,126;0,001953125;
37,14;0,001953125;
37,156;-0,001953125;
37,171;0,001953125;
37,189;0;
37,203;0,001953125;
37,219;0,001953125;
37,236;0,001953125;
37,25;-0,00390625;
37,264;-0,005859375;
37,286;-0,005859375;
37,312;-0,005859375;
37,327;-0,005859375;
37,341;-0,005859375;
37,358;-0,005859375;
37,373;-0,005859375;
37,388;-0,005859375;
37,404;-0,005859375;
37,42;-0,005859375;
37,435;-0,005859375;
37,452;-0,005859375;
37,466;-0,001953125;
37,481;-0,005859375;
37,497;-0,005859375;
37,513;-0,005859375;
37,53;-0,005859375;
37,545;-0,005859375;
37,559;-0,005859375;
37,574;-0,005859375;
37,59;-0,005859375;
37,606;-0,005859375;
37,622;-0,005859375;
37,638;-0,005859375;
37,652;0;
37,669;-0,00390625;
37,683;0,001953125;
37,7;0,001953125;
37,714;0,001953125;
37,729;0,001953125;
37,745;0,001953125;
37,761;0,001953125;
37,775;0,001953125;
37,792;0,001953125;
37,806;0,001953125;
37,825;0,001953125;
37,84;0,001953125;
37,853;0,001953125;
37,869;0,001953125;
37,884;0,001953125;
37,9;0,001953125;
37,915;0,001953125;
37,929;0,001953125;
37,947;0,001953125;
37,96;0,001953125;
37,976;0,001953125;
37,992;0,001953125;
38,006;0,001953125;
38,022;0,001953125;
38,039;0,001953125;
38,053;0,001953125;
38,07;0,001953125;
38,083;0,001953125;
38,101;0,00390625;
38,115;0,0078125;
38,131;0,009765625;
38,148;0,009765625;
38,176;0,009765625;
38,193;0,009765625;
38,207;0,009765625;
38,224;0,009765625;
38,237;0,009765625;
38,253;0,009765625;
38,268;0,009765625;
38,284;0,013671875;
38,299;0,017578125;
38,314;0,017578125;
38,332;0,017578125;
38,359;0,017578125;
38,373;0,0234375;
38,387;0,02734375;
38,404;0,02734375;
38,418;0,02734375;
38,435;0,02734375;
38,45;0,02734375;
38,466;0,02734375;
38,481;0,02734375;
38,497;0,02734375;
38,513;0,02734375;
38,528;0,02734375;
38,548;0,02734375;
38,573;0,02734375;
38,587;0,02734375;
38,603;0,02734375;
38,619;0,02734375;
38,636;0,02734375;
38,649;0,02734375;
38,668;0,02734375;
38,697;0,02734375;
38,713;0,02734375;
38,73;0,02734375;
38,745;0,02734375;
38,761;0,02734375;
38,775;0,02734375;
38,793;0,02734375;
38,806;0,03125;
38,822;0,03125;
38,838;0,03125;
38,853;0,029296875;
38,869;0,03515625;
38,885;0,033203125;
38,899;0,03515625;
38,914;0,03515625;
38,93;0,03515625;
38,946;0,03515625;
38,961;0,03515625;
38,978;0,03515625;
38,993;0,03515625;
39,007;0,029296875;
39,024;0,03515625;
39,041;0,03515625;
39,055;0,03515625;
39,071;0,029296875;
39,087;0,029296875;
39,101;0,029296875;
39,116;0,029296875;
39,134;0,029296875;
39,148;0,029296875;
39,164;0,029296875;
39,18;0,029296875;
39,194;0,029296875;
39,211;0,021484375;
39,226;0,01953125;
39,245;0,01953125;
39,27;0,01953125;
39,286;0,01953125;
39,308;0,0234375;
39,335;0,025390625;
39,349;0,02734375;
39,363;0,02734375;
39,38;0,02734375;
39,396;0,02734375;
39,411;0,02734375;
39,426;0,033203125;
39,441;0,029296875;
39,456;0,029296875;
39,478;0,029296875;
39,503;0,029296875;
39,52;0,033203125;
39,533;0,03515625;
39,55;0,03515625;
39,569;0,03515625;
39,595;0,03515625;
39,611;0,03515625;
39,627;0,03125;
39,642;0,03515625;
39,658;0,03125;
39,674;0,029296875;
39,691;0,033203125;
39,706;0,029296875;
39,722;0,029296875;
39,735;0,029296875;
39,751;0,029296875;
39,765;0,029296875;
39,782;0,029296875;
39,796;0,029296875;
39,812;0,029296875;
39,827;0,029296875;
39,843;0,029296875;
39,857;0,029296875;
39,874;0,029296875;
39,889;0,029296875;
39,906;0,029296875;
39,922;0,029296875;
39,938;0,029296875;
39,952;0,029296875;
39,966;0,029296875;
39,983;0,029296875;
40;0,021484375;
40,013;0,01953125;
40,028;0,01953125;
40,043;0,01953125;
40,061;0,01953125;
40,074;0,01953125;
40,091;0,01953125;
40,106;0,01953125;
40,122;0,01953125;
40,138;0,01953125;
40,154;0,01953125;
40,17;0,01953125;
40,186;0,015625;
40,202;0,017578125;
40,218;0,017578125;
40,233;0,017578125;
40,247;0,015625;
40,263;0,017578125;
40,279;0,017578125;
40,295;0,017578125;
40,311;0,017578125;
40,326;0,013671875;
40,343;0,01171875;
40,358;0,01171875;
40,372;0,013671875;
40,39;0,015625;
40,405;0,01171875;
40,423;0,01171875;
40,436;0,01171875;
40,453;0,01171875;
40,469;0,01171875;
40,488;0,01171875;
40,513;0,01171875;
40,53;0,01171875;
40,544;0,017578125;
40,559;0,017578125;
40,58;0,017578125;
40,607;0,017578125;
40,622;0,017578125;
40,639;0,017578125;
40,653;0,017578125;
40,669;0,017578125;
40,683;0,017578125;
40,703;0,017578125;
40,733;0,017578125;
40,751;0,017578125;
40,777;0,017578125;
40,791;0,013671875;
40,811;0,01171875;
40,838;0,017578125;
40,854;0,013671875;
40,875;0,01171875;
40,9;0,01171875;
40,915;0,01171875;
40,936;0,017578125;
40,966;0,01171875;
40,992;0,015625;
41,008;0,01171875;
41,022;0,01171875;
41,04;0,01171875;
41,055;0,01171875;
41,076;0,01171875;
41,101;0,01171875;
41,116;0,01171875;
41,131;0,01171875;
41,147;0,01171875;
41,165;0,01171875;
41,179;0,01171875;
41,2;0,01171875;
41,227;0,01171875;
41,244;0,017578125;
41,274;0,017578125;
41,288;0,017578125;
41,303;0,017578125;
41,325;0,017578125;
41,35;0,017578125;
41,365;0,017578125;
41,384;0,017578125;
41,397;0,017578125;
41,412;0,017578125;
41,432;0,017578125;
41,461;0,017578125;
41,479;0,017578125;
41,506;0,017578125;
41,523;0,017578125;
41,538;0,017578125;
41,552;0,017578125;
41,571;0,017578125;
41,584;0,017578125;
41,6;0,017578125;
41,616;0,017578125;
41,633;0,017578125;
41,647;0,017578125;
41,664;0,017578125;
41,679;0,017578125;
41,699;0,017578125;
41,728;0,017578125;
41,748;0,017578125;
41,772;0,017578125;
41,79;0,017578125;
41,803;0,017578125;
41,823;0,017578125;
41,85;0,017578125;
41,869;0,017578125;
41,897;0,017578125;
41,912;0,017578125;
41,928;0,017578125;
41,947;0,017578125;
41,977;0,017578125;
41,993;0,017578125;
42,005;0,017578125;
42,021;0,017578125;
42,035;0,017578125;
42,052;0,017578125;
42,066;0,017578125;
42,082;0,017578125;
42,097;0,017578125;
42,114;0,017578125;
42,126;0,017578125;
42,143;0,017578125;
42,158;0,017578125;
42,179;0,017578125;
42,206;0,017578125;
42,222;0,017578125;
42,237;0,017578125;
42,252;0,017578125;
42,267;0,017578125;
42,282;0,017578125;
42,299;0,017578125;
42,314;0,017578125;
42,33;0,017578125;
42,347;0,017578125;
42,36;0,017578125;
42,375;0,017578125;
42,391;0,017578125;
42,408;0,017578125;
42,422;0,017578125;
42,436;0,0234375;
42,455;0,02734375;
42,467;0,021484375;
42,486;0,01953125;
42,501;0,021484375;
42,515;0,0234375;
42,53;0,01953125;
42,547;0,0234375;
42,56;0,01953125;
42,577;0,021484375;
42,591;0,01953125;
42,61;0,01953125;
42,624;0,01953125;
42,64;0,01953125;
42,654;0,01953125;
42,668;0,015625;
42,685;0,01171875;
42,703;0,01171875;
42,716;0,005859375;
42,733;0,00390625;
42,747;0,00390625;
42,761;0,00390625;
42,779;0,00390625;
42,793;0,00390625;
42,809;0,00390625;
42,825;0,00390625;
42,84;0,00390625;
42,856;0,00390625;
42,874;0,00390625;
42,888;0,00390625;
42,901;0,00390625;
42,919;0,00390625;
42,932;0,00390625;
42,952;0,00390625;
42,979;0,00390625;
42,997;0,00390625;
43,011;0,00390625;
43,027;0,00390625;
43,043;-0,001953125;
43,056;0,001953125;
43,073;0,001953125;
43,089;-0,001953125;
43,106;0,001953125;
43,121;-0,001953125;
43,139;-0,00390625;
43,154;0,001953125;
43,171;0;
43,185;-0,001953125;
43,2;-0,00390625;
43,214;-0,005859375;
43,23;-0,001953125;
43,246;0;
43,261;0;
43,277;0,001953125;
43,292;0;
43,31;0,001953125;
43,323;-0,001953125;
43,339;-0,00390625;
43,354;0,001953125;
43,37;0,001953125;
43,386;0,001953125;
43,4;0,001953125;
43,418;0,001953125;
43,436;0,001953125;
43,464;-0,001953125;
43,479;-0,00390625;
43,493;-0,001953125;
43,509;0,001953125;
43,524;0,001953125;
43,54;-0,001953125;
43,554;-0,005859375;
43,571;0;
43,586;0,001953125;
43,602;-0,00390625;
43,618;-0,001953125;
43,635;-0,00390625;
43,65;0,001953125;
43,665;-0,00390625;
43,679;-0,001953125;
43,7;-0,005859375;
43,726;0;
43,743;0;
43,758;-0,001953125;
43,773;-0,00390625;
43,789;-0,00390625;
43,806;0;
43,82;-0,005859375;
43,834;-0,005859375;
43,852;-0,005859375;
43,865;-0,005859375;
43,882;-0,005859375;
43,897;-0,005859375;
43,914;-0,005859375;
43,927;-0,005859375;
43,942;-0,005859375;
43,958;-0,005859375;
43,974;-0,005859375;
43,988;-0,005859375;
44,005;-0,00390625;
44,019;-0,00390625;
44,034;-0,005859375;
44,05;-0,005859375;
44,066;-0,005859375;
44,087;-0,005859375;
44,116;-0,00390625;
44,13;-0,005859375;
44,143;0;
44,16;0,001953125;
44,174;-0,001953125;
44,192;0,001953125;
44,207;0,001953125;
44,221;0,001953125;
44,236;0,001953125;
44,252;0,001953125;
44,266;0,001953125;
44,282;0;
44,297;-0,001953125;
44,316;0;
44,33;-0,00390625;
44,352;0;
44,378;-0,001953125;
44,392;0;
44,408;-0,005859375;
44,424;-0,00390625;
44,44;0;
44,452;-0,001953125;
44,468;-0,00390625;
44,483;-0,001953125;
44,5;0,001953125;
44,515;-0,00390625;
44,531;0,001953125;
44,548;0,001953125;
44,567;0,001953125;
44,595;0;
44,612;-0,001953125;
44,625;0;
44,64;-0,001953125;
44,656;0,001953125;
44,673;0;
44,689;0,001953125;
44,703;0,001953125;
44,718;0,001953125;
44,735;0,001953125;
44,75;0;
44,764;0,001953125;
44,781;0;
44,796;0,001953125;
44,815;-0,005859375;
44,848;-0,00390625;
44,874;-0,005859375;
44,89;-0,005859375;
44,905;-0,005859375;
44,919;-0,005859375;
44,936;-0,005859375;
44,952;-0,005859375;
44,97;-0,001953125;
44,984;-0,005859375;
45,004;-0,00390625;
45,029;-0,005859375;
45,044;-0,005859375;
45,061;-0,00390625;
45,075;-0,001953125;
45,091;-0,005859375;
45,108;-0,001953125;
45,122;0;
45,137;-0,001953125;
45,153;0;
45,169;0,001953125;
45,183;-0,001953125;
45,199;0,001953125;
45,215;0,001953125;
45,23;0,001953125;
45,246;0,001953125;
45,261;0;
45,28;0,001953125;
45,292;0,001953125;
45,31;0;
45,328;0;
45,356;0,001953125;
45,372;-0,001953125;
45,4;-0,005859375;
45,417;0;
45,432;-0,00390625;
45,446;0,001953125;
45,461;-0,00390625;
45,476;0,001953125;
45,492;0,001953125;
45,508;0,001953125;
45,526;0;
45,54;0,001953125;
45,555;0,001953125;
45,569;0,001953125;
45,593;0,001953125;
45,618;0,001953125;
45,634;0,001953125;
45,648;0,001953125;
45,663;0,001953125;
45,679;0,001953125;
45,693;0,001953125;
45,709;0,001953125;
45,725;-0,00390625;
45,743;-0,00390625;
45,758;-0,005859375;
45,772;-0,00390625;
45,792;-0,001953125;
45,82;-0,005859375;
45,834;0,001953125;
45,853;-0,00390625;
45,88;-0,005859375;
45,896;-0,00390625;
45,912;-0,005859375;
45,926;-0,005859375;
45,942;0;
45,957;-0,005859375;
45,972;-0,005859375;
45,992;-0,005859375;
46,006;-0,005859375;
46,021;-0,001953125;
46,037;-0,005859375;
46,065;-0,001953125;
46,083;-0,00390625;
46,096;-0,001953125;
46,114;0;
46,127;-0,005859375;
46,144;-0,001953125;
46,158;-0,005859375;
46,177;-0,00390625;
46,19;-0,005859375;
46,206;-0,005859375;
46,224;-0,00390625;
46,239;-0,005859375;
46,254;-0,001953125;
46,27;0;
46,287;-0,001953125;
46,302;-0,005859375;
46,314;-0,001953125;
46,332;-0,005859375;
46,347;-0,001953125;
46,364;0,001953125;
46,377;0,001953125;
46,393;0,001953125;
46,408;0,001953125;
46,424;0,001953125;
46,44;0,001953125;
46,454;0,001953125;
46,47;0,001953125;
46,486;-0,001953125;
46,502;0,001953125;
46,519;0,001953125;
46,547;0,001953125;
46,562;-0,00390625;
46,576;0,001953125;
46,592;0,001953125;
46,608;0,001953125;
46,626;0,001953125;
46,639;0,001953125;
46,656;-0,00390625;
46,672;-0,005859375;
46,687;-0,001953125;
46,703;-0,00390625;
46,72;0,001953125;
46,736;-0,001953125;
46,752;-0,005859375;
46,767;0;
46,783;-0,005859375;
46,797;-0,001953125;
46,811;0,001953125;
46,826;0;
46,843;0,001953125;
46,857;-0,00390625;
46,873;-0,005859375;
46,889;0;
46,906;0,001953125;
46,919;0,001953125;
46,935;0,001953125;
46,951;0,001953125;
46,966;0,001953125;
46,986;0,001953125;
47,014;0;
47,033;-0,005859375;
47,06;-0,005859375;
47,077;-0,001953125;
47,094;-0,00390625;
47,108;0,001953125;
47,122;0,001953125;
47,137;-0,00390625;
47,153;-0,001953125;
47,168;0;
47,184;0;
47,199;0;
47,216;0,001953125;
47,238;0;
47,264;0,001953125;
47,278;0,001953125;
47,293;0;
47,309;0,001953125;
47,327;-0,001953125;
47,34;0,001953125;
47,357;-0,00390625;
47,372;0,001953125;
47,387;0,001953125;
47,403;0,001953125;
47,42;0,001953125;
47,438;0,001953125;
47,465;0,001953125;
47,482;0,001953125;
47,497;0,001953125;
47,512;0,001953125;
47,526;0,001953125;
47,54;0,001953125;
47,556;0,001953125;
47,571;0,001953125;
47,586;0,001953125;
47,602;0,001953125;
47,618;0,001953125;
47,634;0,001953125;
47,649;0,001953125;
47,665;0,001953125;
47,68;0,001953125;
47,696;0,001953125;
47,714;0,001953125;
47,729;0,001953125;
47,742;0,001953125;
47,758;0,001953125;
47,774;0,001953125;
47,789;0,001953125;
47,805;0,001953125;
47,821;0,001953125;
47,836;0,001953125;
47,851;0,001953125;
47,867;0,001953125;
47,88;0,001953125;
47,896;0,001953125;
47,913;0,001953125;
47,929;0,001953125;
47,945;0,001953125;
47,96;0,001953125;
47,974;0,001953125;
47,99;0,0078125;
48,007;0,00390625;
48,022;0,00390625;
48,038;0,00390625;
48,054;0,00390625;
48,068;0,005859375;
48,084;0,005859375;
48,099;0,00390625;
48,117;0,00390625;
48,132;0,00390625;
48,146;0,0078125;
48,161;0,00390625;
48,177;0,009765625;
48,196;0,009765625;
48,208;0,009765625;
48,225;0,009765625;
48,242;0,009765625;
48,254;0,009765625;
48,277;0,009765625;
48,304;0,009765625;
48,321;0,009765625;
48,337;0,009765625;
48,351;0,009765625;
48,365;0,009765625;
48,382;0,009765625;
48,397;0,009765625;
48,413;0,009765625;
48,431;0,009765625;
48,444;0,009765625;
48,461;0,009765625;
48,476;0,009765625;
48,496;0,009765625;
48,524;0,009765625;
48,544;0,009765625;
48,569;0,009765625;
48,583;0,009765625;
48,599;0,009765625;
48,614;0,009765625;
48,63;0,009765625;
48,646;0,009765625;
48,661;0,009765625;
48,674;0,009765625;
48,691;0,009765625;
48,71;0,009765625;
48,74;0,009765625;
48,758;0,009765625;
48,786;0,009765625;
48,801;0,009765625;
48,817;0,009765625;
48,834;0,009765625;
48,848;0,009765625;
48,864;0,009765625;
48,881;0,009765625;
48,895;0,009765625;
48,912;0,009765625;
48,926;0,009765625;
48,942;0,009765625;
48,96;0,009765625;
48,974;0,009765625;
48,989;0,009765625;
49,005;0,009765625;
49,02;0,009765625;
49,038;0,009765625;
49,054;0,009765625;
49,084;0,009765625;
49,104;0,009765625;
49,129;0,009765625;
49,143;0,009765625;
49,16;0,009765625;
49,176;0,009765625;
49,191;0,009765625;
49,207;0,009765625;
49,223;0,009765625;
49,252;0,009765625;
49,271;0,009765625;
49,286;0,009765625;
49,301;0,009765625;
49,316;0,009765625;
49,333;0,009765625;
49,347;0,009765625;
49,365;0,009765625;
49,378;0,009765625;
49,395;0,009765625;
49,409;0,009765625;
49,425;0,009765625;
49,442;0,009765625;
49,457;0,009765625;
49,471;0,009765625;
49,487;0,009765625;
49,504;0,009765625;
49,52;0,009765625;
49,535;0,009765625;
49,552;0,009765625;
49,579;0,009765625;
49,595;0,009765625;
49,611;0,009765625;
49,627;0,009765625;
49,642;0,009765625;
49,658;0,009765625;
49,671;0,009765625;
49,689;0,009765625;
49,704;0,009765625;
49,719;0,009765625;
49,735;0,009765625;
49,751;0,009765625;
49,767;0,009765625;
49,787;0,0078125;
49,816;0,005859375;
49,829;0,00390625;
49,846;0,00390625;
49,86;0,00390625;
49,875;0,00390625;
49,89;0,00390625;
49,906;0,00390625;
49,922;0,00390625;
49,937;0,00390625;
49,951;0,00390625;
49,97;0,001953125;
50;0;
50,016;0,001953125;
50,036;-0,001953125;
50,061;0;
50,077;0,001953125;
50,094;0,001953125;
50,109;0,001953125;
50,124;0,001953125;
50,138;0,001953125;
50,154;0;
50,17;0,001953125;
50,185;0,001953125;
50,202;0,001953125;
50,218;-0,001953125;
50,233;0,001953125;
50,253;0,001953125;
50,282;-0,001953125;
50,297;0;
50,311;0,001953125;
50,326;-0,001953125;
50,343;0;
50,357;0,001953125;
50,373;0,001953125;
50,389;0,001953125;
50,406;0,001953125;
50,42;0,001953125;
50,436;0,001953125;
50,45;-0,001953125;
50,466;0,001953125;
50,481;0,001953125;
50,497;0,001953125;
50,512;0,001953125;
50,529;0,001953125;
50,542;0,001953125;
50,56;0;
50,573;0,001953125;
50,59;0,001953125;
50,606;0,001953125;
50,622;0,001953125;
50,637;0,001953125;
50,65;0,001953125;
50,668;0,001953125;
50,683;-0,00390625;
50,698;0,001953125;
50,714;0,001953125;
50,73;0,001953125;
50,746;0,001953125;
50,762;0,001953125;
50,79;0,001953125;
50,805;0,001953125;
50,821;-0,001953125;
50,838;0;
50,853;0,001953125;
50,869;0,001953125;
50,885;0,001953125;
50,901;-0,001953125;
50,915;0,001953125;
50,93;0,001953125;
50,947;0,001953125;
50,962;0,001953125;
50,977;0,001953125;
50,994;0,001953125;
51,01;0,001953125;
51,023;-0,001953125;
51,04;0,001953125;
51,056;0,001953125;
51,072;0,001953125;
51,087;0,001953125;
51,102;0,001953125;
51,118;0,001953125;
51,135;0,001953125;
51,148;0,001953125;
51,163;0,001953125;
51,178;0;
51,194;0,001953125;
51,21;0,001953125;
51,228;0,001953125;
51,243;0,001953125;
51,255;0,001953125;
51,271;0,001953125;
51,289;0,001953125;
51,302;0,001953125;
51,318;0,001953125;
51,338;0,001953125;
51,364;0,001953125;
51,379;0,001953125;
51,394;0,001953125;
51,41;0,001953125;
51,426;0,001953125;
51,442;0,001953125;
51,458;0,001953125;
51,477;0,001953125;
51,503;0,001953125;
51,519;0,001953125;
51,534;0,001953125;
51,547;0,001953125;
51,563;0,001953125;
51,581;0,001953125;
51,593;0,001953125;
51,61;0,001953125;
51,626;0,001953125;
51,643;0,001953125;
51,658;0,001953125;
51,675;0,001953125;
51,69;0,001953125;
51,703;0,001953125;
51,721;0,001953125;
51,736;0,001953125;
51,75;0,001953125;
51,768;0,001953125;
51,797;0,001953125;
51,811;0,001953125;
51,826;0,001953125;
51,845;0,001953125;
51,859;0,001953125;
51,874;0,001953125;
51,889;0,001953125;
51,909;0,001953125;
51,936;0,001953125;
51,952;0,001953125;
51,967;0,001953125;
51,982;0,001953125;
51,998;0,001953125;
52,011;0,001953125;
52,029;0,001953125;
52,043;0,001953125;
52,06;0,001953125;
52,078;0,001953125;
52,091;0,001953125;
52,106;0,001953125;
52,126;0,001953125;
52,156;0,001953125;
52,171;0,001953125;
52,19;0,001953125;
52,217;0,001953125;
52,234;0,005859375;
52,249;0,009765625;
52,264;0,009765625;
52,282;0,009765625;
52,294;0,009765625;
52,311;0,009765625;
52,326;0,005859375;
52,343;0,0078125;
52,355;0,009765625;
52,381;0,009765625;
52,404;0,009765625;
52,42;0,009765625;
52,436;0,009765625;
52,452;0,0078125;
52,466;0,0078125;
52,482;0,00390625;
52,498;0,00390625;
52,511;0,00390625;
52,529;0,0078125;
52,544;0,005859375;
52,558;0,00390625;
52,575;0,0078125;
52,59;0,009765625;
52,606;0,009765625;
52,622;0,009765625;
52,635;0,009765625;
52,656;0,009765625;
52,686;0,009765625;
52,701;0,009765625;
52,722;0,009765625;
52,747;0,009765625;
52,764;0,009765625;
52,777;0,009765625;
52,793;0,005859375;
52,809;0,0078125;
52,824;0,005859375;
52,84;0,0078125;
52,853;0,009765625;
52,868;0,009765625;
52,89;0,009765625;
52,918;0,00390625;
52,932;0,009765625;
52,949;0,009765625;
52,964;0,009765625;
52,978;0,009765625;
52,994;0,00390625;
53,008;0,0078125;
53,027;0,009765625;
53,042;0,009765625;
53,055;0,009765625;
53,074;0,009765625;
53,092;0,009765625;
53,118;0,009765625;
53,138;0,009765625;
53,164;0,009765625;
53,18;0,009765625;
53,196;0,009765625;
53,21;0,009765625;
53,227;0,009765625;
53,241;0,009765625;
53,257;0,009765625;
53,273;0,009765625;
53,288;0,009765625;
53,302;0,009765625;
53,318;0,009765625;
53,343;0,009765625;
53,366;0,009765625;
53,379;0,009765625;
53,397;0,009765625;
53,41;0,009765625;
53,426;0,009765625;
53,441;0,009765625;
53,457;0,009765625;
53,473;0,009765625;
53,488;0,009765625;
53,504;0,009765625;
53,52;0,009765625;
53,535;0,009765625;
53,551;0,009765625;
53,565;0,009765625;
53,584;0,009765625;
53,598;0,009765625;
53,613;0,009765625;
53,631;0,009765625;
53,647;0,009765625;
53,661;0,009765625;
53,675;0,009765625;
53,693;0,009765625;
53,707;0,009765625;
53,721;0,009765625;
53,737;0,009765625;
53,754;0,009765625;
53,769;0,009765625;
53,782;0,009765625;
53,798;0,009765625;
53,814;0,009765625;
53,83;0,009765625;
53,848;0,009765625;
53,878;0,009765625;
53,892;0,009765625;
53,916;0,009765625;
53,938;0,009765625;
53,953;0,009765625;
53,97;0,009765625;
53,986;0,009765625;
54,002;0,009765625;
54,015;0,009765625;
54,032;0,009765625;
54,047;0,009765625;
54,066;0,009765625;
54,094;0,009765625;
54,108;0,009765625;
54,123;0,013671875;
54,139;0,013671875;
54,154;0,01171875;
54,172;0,01171875;
54,186;0,013671875;
54,2;0,015625;
54,215;0,017578125;
54,233;0,01171875;
54,248;0,013671875;
54,262;0,015625;
54,279;0,017578125;
54,295;0,017578125;
54,314;0,017578125;
54,342;0,017578125;
54,359;0,017578125;
54,373;0,017578125;
54,387;0,017578125;
54,406;0,017578125;
54,422;0,017578125;
54,437;0,017578125;
54,451;0,017578125;
54,467;0,017578125;
54,483;0,017578125;
54,499;0,017578125;
54,518;0,017578125;
54,531;0,017578125;
54,545;0,017578125;
54,561;0,017578125;
54,576;0,017578125;
54,596;0,017578125;
54,625;0,017578125;
54,643;0,017578125;
54,671;0,017578125;
54,689;0,017578125;
54,701;0,017578125;
54,717;0,017578125;
54,732;0,017578125;
54,748;0,017578125;
54,762;0,017578125;
54,778;0,017578125;
54,794;0,017578125;
54,808;0,017578125;
54,824;0,017578125;
54,842;0,017578125;
54,856;0,017578125;
54,873;0,017578125;
54,887;0,017578125;
54,903;0,017578125;
54,917;0,017578125;
54,938;0,017578125;
54,965;0,017578125;
54,979;0,017578125;
54,995;0,017578125;
55,01;0,017578125;
55,026;0,017578125;
55,042;0,017578125;
55,061;0,017578125;
55,093;0,017578125;
55,124;0,017578125;
55,15;0,017578125;
55,166;0,017578125;
55,18;0,017578125;
55,196;0,017578125;
55,212;0,017578125;
55,228;0,017578125;
55,243;0,017578125;
55,259;0,017578125;
55,276;0,017578125;
55,29;0,017578125;
55,307;0,017578125;
55,324;0,017578125;
55,339;0,017578125;
55,352;0,017578125;
55,372;0,017578125;
55,401;0,017578125;
55,414;0,017578125;
55,43;0,017578125;
55,446;0,017578125;
55,46;0,017578125;
55,475;0,017578125;
55,492;0,017578125;
55,506;0,017578125;
55,522;0,017578125;
55,54;0,017578125;
55,556;0,017578125;
55,571;0,017578125;
55,585;0,017578125;
55,6;0,017578125;
55,616;0,017578125;
55,629;0,017578125;
55,645;0,017578125;
55,661;0,017578125;
55,677;0,017578125;
55,693;0,017578125;
55,706;0,017578125;
55,722;0,017578125;
55,738;0,017578125;
55,753;0,017578125;
55,769;0,017578125;
55,785;0,017578125;
55,8;0,017578125;
55,818;0,017578125;
55,831;0,017578125;
55,846;0,017578125;
55,864;0,017578125;
55,876;0,017578125;
55,894;0,017578125;
55,909;0,017578125;
55,926;0,017578125;
55,938;0,017578125;
55,956;0,017578125;
55,97;0,017578125;
55,987;0,017578125;
56,004;0,017578125;
56,024;0,017578125;
56,05;0,017578125;
56,066;0,017578125;
56,08;0,017578125;
56,095;0,017578125;
56,112;0,017578125;
56,128;0,017578125;
56,142;0,017578125;
56,156;0,017578125;
56,171;0,017578125;
56,187;0,015625;
56,202;0,017578125;
56,218;0,013671875;
56,234;0,01171875;
56,251;0,01171875;
56,266;0,01171875;
56,28;0,01171875;
56,296;0,01171875;
56,315;0,015625;
56,343;0,01171875;
56,36;0,01171875;
56,375;0,01171875;
56,389;0,01171875;
56,405;0,017578125;
56,421;0,017578125;
56,435;0,01171875;
56,451;0,01171875;
56,467;0,015625;
56,482;0,015625;
56,501;0,01171875;
56,515;0,017578125;
56,532;0,013671875;
56,559;0,017578125;
56,576;0,017578125;
56,592;0,017578125;
56,611;0,017578125;
56,639;0,017578125;
56,654;0,017578125;
56,669;0,017578125;
56,686;0,017578125;
56,701;0,017578125;
56,715;0,017578125;
56,731;0,017578125;
56,747;0,01171875;
56,766;0,015625;
56,795;0,013671875;
56,808;0,01171875;
56,826;0,015625;
56,84;0,01171875;
56,857;0,01171875;
56,871;0,01171875;
56,889;0,01171875;
56,903;0,01171875;
56,919;0,01171875;
56,934;0,01171875;
56,95;0,01171875;
56,965;0,01171875;
56,983;0,005859375;
56,997;0,00390625;
57,013;0,00390625;
57,027;0,00390625;
57,044;0,00390625;
57,056;0,00390625;
57,079;0,00390625;
57,105;0,00390625;
57,12;0,00390625;
57,136;0,00390625;
57,151;0,00390625;
57,166;0,00390625;
57,18;0,00390625;
57,197;0,00390625;
57,212;0,00390625;
57,23;0,00390625;
57,246;0,00390625;
57,264;0,00390625;
57,291;0,00390625;
57,307;0,00390625;
57,322;0;
57,339;0,001953125;
57,353;0,001953125;
57,368;0,001953125;
57,386;0,001953125;
57,402;-0,001953125;
57,415;-0,00390625;
57,432;0,001953125;
57,448;0,001953125;
57,463;0,001953125;
57,479;0,001953125;
57,494;0;
57,511;0,001953125;
57,523;0;
57,539;0,001953125;
57,555;0,001953125;
57,571;0,001953125;
57,586;0,001953125;
57,6;0,001953125;
57,615;0,001953125;
57,632;0,001953125;
57,647;0,001953125;
57,663;0,001953125;
57,679;0,001953125;
57,694;0,001953125;
57,711;0,001953125;
57,726;0,001953125;
57,743;0,001953125;
57,774;0,001953125;
57,802;0,001953125;
57,818;0,001953125;
57,833;-0,001953125;
57,848;0,001953125;
57,864;0,001953125;
57,88;0,001953125;
57,895;0,001953125;
57,911;0,001953125;
57,927;0,001953125;
57,942;0,001953125;
57,958;0,001953125;
57,977;0,001953125;
58,007;0,001953125;
58,02;0,001953125;
58,034;0,001953125;
58,052;0,001953125;
58,066;0,001953125;
58,082;0,001953125;
58,096;-0,001953125;
58,112;0,001953125;
58,129;0,001953125;
58,144;0,001953125;
58,159;0,001953125;
58,174;0,001953125;
58,191;0,001953125;
58,207;-0,001953125;
58,225;-0,005859375;
58,238;0;
58,254;0,001953125;
58,27;0,001953125;
58,285;0,001953125;
58,303;0,001953125;
58,33;0,001953125;
58,346;0,001953125;
58,361;0,001953125;
58,379;0,001953125;
58,391;0,001953125;
58,408;0,001953125;
58,423;-0,001953125;
58,439;0,001953125;
58,455;0,001953125;
58,473;0,001953125;
58,5;0,001953125;
58,517;0,001953125;
58,532;0,001953125;
58,546;0,001953125;
58,561;0,001953125;
58,577;0,001953125;
58,593;0,001953125;
58,609;0,001953125;
58,623;0,001953125;
58,64;0,001953125;
58,655;0,001953125;
58,674;0,001953125;
58,687;0,001953125;
58,706;0,001953125;
58,719;0;
58,737;0;
58,764;-0,001953125;
58,781;0,001953125;
58,797;0;
58,812;0,001953125;
58,827;0,001953125;
58,841;0,001953125;
58,857;0,001953125;
58,871;0,001953125;
58,891;0,001953125;
58,904;0,001953125;
58,919;0,001953125;
58,937;0,001953125;
58,951;0,001953125;
58,965;0,001953125;
58,981;0,001953125;
58,997;0,001953125;
59,014;0,001953125;
59,028;0,001953125;
59,043;0,001953125;
59,058;0,001953125;
59,073;0,001953125;
59,089;0,001953125;
59,104;0,001953125;
59,12;0,001953125;
59,136;0,001953125;
59,152;0,001953125;
59,169;0,001953125;
59,185;0,001953125;
59,201;0,001953125;
59,229;0;
59,246;0,001953125;
59,261;0,001953125;
59,276;0,001953125;
59,294;0,001953125;
59,308;0,001953125;
59,324;0,001953125;
59,339;-0,001953125;
59,355;0,001953125;
59,373;0,001953125;
59,387;0,001953125;
59,402;0,001953125;
59,418;0,001953125;
59,433;0,001953125;
59,452;0,001953125;
59,483;0,001953125;
59,51;0,001953125;
59,525;0,001953125;
59,541;0,001953125;
59,557;0,001953125;
59,572;-0,00390625;
59,588;0,001953125;
59,603;-0,001953125;
59,618;0,001953125;
59,636;0,001953125;
59,651;0,001953125;
59,666;0,001953125;
59,682;0,001953125;
59,699;0,001953125;
59,718;0,001953125;
59,746;0,001953125;
59,76;0,001953125;
59,774;0,001953125;
59,79;0,001953125;
59,808;0;
59,82;0,001953125;
59,835;0,001953125;
59,852;0,001953125;
59,868;0,001953125;
59,883;0,001953125;
59,897;0,001953125;
59,916;0,001953125;
59,948;0,001953125;
59,976;0,001953125;
59,992;0,001953125;
60,006;0,001953125;
60,021;0,001953125;
60,036;0,001953125;
60,052;0,001953125;
60,067;0,001953125;
60,083;0,001953125;
60,101;0,001953125;
60,129;0,001953125;
60,143;0,001953125;
60,159;0,001953125;
60,173;0,001953125;
60,194;0,001953125;
60,22;0,001953125;
60,236;0,001953125;
60,252;0,001953125;
60,268;0,001953125;
60,282;0,001953125;
60,298;0,001953125;
60,312;0,001953125;
60,329;0,001953125;
60,35;0,001953125;
60,376;0,001953125;
60,391;0,001953125;
60,409;0,001953125;
60,421;0,001953125;
60,438;0,001953125;
60,452;0,001953125;
60,468;0,001953125;
60,484;0,001953125;
60,501;0,001953125;
60,515;0,001953125;
60,531;0,001953125;
60,546;0,001953125;
60,563;0,001953125;
60,576;0,001953125;
60,593;0,001953125;
60,611;0,001953125;
60,628;0,001953125;
60,655;0,001953125;
60,669;0,001953125;
60,686;0,001953125;
60,7;0,001953125;
60,714;0,001953125;
60,729;0,001953125;
60,747;0,001953125;
60,761;0,001953125;
60,777;0,001953125;
60,795;0,001953125;
60,808;0,001953125;
60,825;0,001953125;
60,838;0,001953125;
60,855;0,001953125;
60,875;0,001953125;
60,901;0,001953125;
60,918;0,001953125;
60,932;0,001953125;
60,948;0,001953125;
60,964;0,001953125;
60,98;0,001953125;
60,995;0,001953125;
61,012;0,001953125;
61,028;0,001953125;
61,042;0,001953125;
61,059;0,001953125;
61,081;0,001953125;
61,107;0,001953125;
61,122;0,001953125;
61,137;0,001953125;
61,152;0,001953125;
61,167;0,001953125;
61,181;0,001953125;
61,199;0,001953125;
61,213;0,001953125;
61,228;0,001953125;
61,242;0,001953125;
61,259;0,001953125;
61,274;0,001953125;
61,29;0,001953125;
61,306;0,001953125;
61,322;0,001953125;
61,335;0,001953125;
61,357;0,001953125;
61,384;0,001953125;
61,405;0,001953125;
61,432;0,001953125;
61,445;0,001953125;
61,461;0,001953125;
61,479;0,001953125;
61,492;0,001953125;
61,509;0,001953125;
61,524;0,001953125;
61,54;0,001953125;
61,555;0,001953125;
61,572;0,001953125;
61,588;0,001953125;
61,602;0,001953125;
61,616;0,001953125;
61,636;0,001953125;
61,666;0,001953125;
61,679;0,001953125;
61,695;0,001953125;
61,711;0,001953125;
61,726;0,001953125;
61,742;0,001953125;
61,758;0,001953125;
61,773;0,001953125;
61,789;0,001953125;
61,803;0,001953125;
61,821;0,001953125;
61,85;-0,001953125;
61,871;0,001953125;
61,896;0,001953125;
61,912;0,001953125;
61,926;0,001953125;
61,944;0,001953125;
61,957;0,001953125;
61,974;0,001953125;
61,989;0,001953125;
62,008;0,001953125;
62,024;0,001953125;
62,052;0,001953125;
62,067;0,001953125;
62,081;0,001953125;
62,097;0,001953125;
62,114;0,001953125;
62,126;0,001953125;
62,142;0,001953125;
62,158;0,001953125;
62,174;0,001953125;
62,188;0,001953125;
62,203;0,001953125;
62,221;0,001953125;
62,235;0,001953125;
62,258;0,001953125;
