Start Time;06/05/2026 14:52:14

Time(s);COM5 - PPS Sensor (N);(Selected Full Scale Range: 1N)
0;1;
0;1;
0,025;1;
0,04;1;
0,055;1;
0,071;1;
0,086;1;
0,104;1;
0,118;1;
0,133;1;
0,149;1;
0,165;1;
0,18;1;
0,196;1;
0,211;1;
0,229;1;
0,245;1;
0,259;1;
0,277;1;
0,296;1;
0,323;1;
0,34;1;
0,353;1;
0,374;1;
0,401;1;
0,418;1;
0,448;1;
0,463;1;
0,476;1;
0,491;1;
0,507;1;
0,525;1;
0,537;1;
0,56;1;
0,59;1;
0,616;1;
0,63;-1;
0,648;1;
0,663;1;
0,678;1;
0,698;1;
0,727;1;
0,74;1;
0,757;1;
0,773;1;
0,787;1;
0,804;1;
0,819;1;
0,837;1;
0,852;1;
0,867;1;
0,881;-1;
0,907;1;
0,928;1;
0,942;1;
0,957;1;
0,975;1;
0,99;1;
1,004;1;
1,021;-1;
1,034;1;
1,048;1;
1,066;1;
1,079;1;
1,095;1;
1,111;1;
1,126;0;
1,143;1;
1,157;1;
1,172;1;
1,19;1;
1,211;1;
1,233;1;
1,249;1;
1,265;1;
1,283;1;
1,298;1;
1,312;1;
1,332;1;
1,359;1;
1,374;1;
1,392;1;
1,407;1;
1,422;1;
1,44;1;
1,459;1;
1,49;1;
1,516;0;
1,532;1;
1,546;1;
1,563;1;
1,578;1;
1,595;1;
1,616;1;
1,642;1;
1,66;1;
1,687;1;
1,703;1;
1,72;1;
1,735;1;
1,748;1;
1,764;1;
1,779;1;
1,798;1;
1,822;1;
1,853;1;
1,874;1;
1,889;1;
1,914;1;
1,938;1;
1,951;1;
1,965;1;
1,982;1;
2,009;1;
2,029;1;
2,045;1;
2,062;1;
2,084;1;
2,109;1;
2,123;1;
2,138;1;
2,155;1;
2,169;1;
2,184;1;
2,201;1;
2,219;1;
2,233;1;
2,247;1;
2,264;1;
2,28;1;
2,295;1;
2,309;1;
2,331;1;
2,362;1;
2,387;1;
2,402;1;
2,42;1;
2,432;1;
2,449;1;
2,466;1;
2,497;1;
2,529;1;
2,556;1;
2,569;1;
2,583;1;
2,599;1;
2,614;1;
2,635;1;
2,648;1;
2,664;1;
2,682;1;
2,721;1;
2,75;1;
2,777;1;
2,804;1;
2,82;1;
2,836;1;
2,852;1;
2,865;1;
2,884;1;
2,896;1;
2,912;1;
2,932;1;
2,966;1;
2,998;1;
3,033;1;
3,056;1;
3,071;1;
3,088;1;
3,108;1;
3,133;1;
3,147;1;
3,164;1;
3,179;1;
3,201;1;
3,233;1;
3,264;1;
3,292;1;
3,314;1;
3,342;1;
3,368;1;
3,388;1;
3,414;1;
3,433;1;
3,467;1;
3,494;1;
3,509;1;
3,529;1;
3,562;1;
3,588;1;
3,622;1;
3,648;1;
3,661;1;
3,678;1;
3,694;1;
3,709;1;
3,726;0;
3,741;1;
3,768;1;
3,79;1;
3,806;1;
3,821;1;
3,836;1;
3,853;1;
3,868;1;
3,881;1;
3,899;1;
3,913;1;
3,928;1;
3,946;1;
3,96;-1;
3,978;1;
4,005;1;
4,019;1;
4,036;1;
4,053;0;
4,069;1;
4,087;1;
4,113;1;
4,132;-1;
4,155;0;
4,18;1;
4,195;1;
4,21;-1;
4,227;1;
4,244;1;
4,258;1;
4,273;1;
4,288;1;
4,311;1;
4,335;1;
4,348;1;
4,369;1;
4,387;1;
4,419;1;
4,449;1;
4,466;1;
4,494;1;
4,518;1;
4,546;1;
4,572;1;
4,591;-1;
4,618;1;
4,633;1;
4,649;1;
4,667;1;
4,683;1;
4,703;1;
4,727;1;
4,742;1;
4,759;1;
4,774;1;
4,793;1;
4,827;1;
4,851;1;
4,867;1;
4,884;1;
4,904;1;
4,93;1;
4,946;1;
4,958;1;
4,975;1;
4,99;1;
5,007;1;
5,021;1;
5,04;1;
5,074;1;
5,1;1;
5,116;1;
5,132;1;
5,147;1;
5,164;1;
5,183;1;
5,21;1;
5,224;-1;
5,241;1;
5,256;1;
5,273;1;
5,302;1;
5,316;1;
5,333;1;
5,348;1;
5,37;1;
5,393;1;
5,412;1;
5,425;1;
5,442;1;
5,456;1;
5,472;1;
5,487;1;
5,502;1;
5,518;1;
5,54;1;
5,564;1;
5,577;1;
5,597;1;
5,633;1;
5,658;1;
5,677;1;
5,703;1;
5,718;1;
5,736;1;
5,759;1;
5,785;1;
5,814;1;
5,842;1;
5,855;1;
5,875;1;
5,903;1;
5,924;1;
5,951;1;
5,967;1;
5,982;1;
6,001;1;
6,029;1;
6,048;1;
6,082;1;
6,108;1;
6,128;1;
6,154;1;
6,171;1;
6,184;1;
6,2;1;
6,216;1;
6,232;1;
6,245;1;
6,264;1;
6,28;1;
6,305;1;
6,325;1;
6,34;1;
6,364;1;
6,387;1;
6,406;1;
6,419;1;
6,437;1;
6,457;0;
6,482;1;
6,498;1;
6,514;1;
6,527;1;
6,549;1;
6,578;1;
6,593;0;
6,61;1;
6,643;-1;
6,669;0;
6,688;1;
6,717;1;
6,728;1;
6,746;1;
6,758;1;
6,774;1;
6,789;1;
6,806;1;
6,821;-1;
6,845;-1;
6,869;1;
6,885;0;
6,898;-2;
6,918;1;
6,944;1;
6,962;1;
6,975;0;
6,992;1;
7,008;-1;
7,021;1;
7,038;0;
7,057;1;
7,085;1;
7,109;1;
7,122;1;
7,144;1;
7,172;1;
7,189;1;
7,224;1;
7,248;1;
7,264;1;
7,282;1;
7,313;1;
7,341;1;
7,359;-1;
7,372;-2;
7,387;1;
7,406;1;
7,419;1;
7,44;1;
7,468;1;
7,481;1;
7,499;1;
7,522;1;
7,548;1;
7,567;1;
7,594;1;
7,61;1;
7,632;1;
7,657;-1;
7,675;1;
7,703;1;
7,719;1;
7,738;1;
7,769;1;
7,791;1;
7,807;0;
7,823;1;
7,839;-1;
7,853;1;
7,871;0;
7,888;1;
7,902;1;
7,92;1;
7,934;1;
7,95;1;
7,965;-1;
7,982;1;
8,002;0;
8,028;0;
8,048;1;
8,076;-1;
8,088;1;
8,104;-1;
8,13;1;
8,152;-2;
8,169;0;
8,19;1;
8,217;-1;
8,23;0;
8,25;1;
8,284;1;
8,313;-1;
8,34;-3;
8,356;-3;
8,372;-1;
8,386;0;
8,404;-1;
8,416;1;
8,434;1;
8,453;1;
8,481;1;
8,496;1;
8,517;1;
8,547;1;
8,573;1;
8,589;1;
8,605;1;
8,62;-1;
8,639;1;
8,667;1;
8,684;1;
8,697;1;
0;0,001953125;
0;0,001953125;
0,013;0;
0,029;0,001953125;
0,046;0,001953125;
0,07;0,001953125;
0,099;0,001953125;
0,122;-0,001953125;
0,139;0,001953125;
0,155;0,001953125;
0,174;0,001953125;
0,204;0,001953125;
0,218;-0,001953125;
0,236;-0,001953125;
0,262;0,001953125;
0,288;0,001953125;
0,302;-0,001953125;
0,316;-0,005859375;
0,333;0;
0,35;-0,001953125;
0,373;0,001953125;
0,398;0,001953125;
0,412;0,001953125;
0,428;0,001953125;
0,445;0;
0,473;-0,001953125;
0,489;0,001953125;
0,505;0,001953125;
0,521;0,001953125;
0,556;0,001953125;
0,586;0,001953125;
0,618;0,001953125;
0,645;0,001953125;
0,664;0,001953125;
0,69;0,001953125;
0,713;0,001953125;
0,744;0,001953125;
0,773;0,001953125;
0,804;0,001953125;
0,836;0,001953125;
0,865;0,001953125;
0,882;0,001953125;
0,895;0,001953125;
0,917;0,001953125;
0,952;-0,001953125;
0,976;-0,005859375;
1,003;-0,001953125;
1,019;0,001953125;
1,034;0,001953125;
1,05;0,001953125;
1,07;0,001953125;
1,101;0,001953125;
1,134;0,001953125;
1,159;0,001953125;
1,18;0,001953125;
1,205;0,001953125;
1,228;0,001953125;
1,251;0,001953125;
1,266;0,001953125;
1,283;0,001953125;
1,306;0,001953125;
1,333;0,001953125;
1,365;0,001953125;
1,395;0,001953125;
1,43;-0,001953125;
1,459;-0,001953125;
1,488;0;
1,501;0,001953125;
1,518;0;
1,54;0,001953125;
1,564;0,001953125;
1,579;0,001953125;
1,595;0,001953125;
1,62;0,001953125;
1,642;0,001953125;
1,658;0,001953125;
1,678;-0,001953125;
1,707;-0,001953125;
1,724;0,001953125;
1,758;0,001953125;
1,78;0,001953125;
1,795;0,001953125;
1,815;0,001953125;
1,845;0,001953125;
1,874;0,001953125;
1,907;0,001953125;
1,941;0,001953125;
1,968;0,001953125;
2,002;0,001953125;
2,026;0,001953125;
2,039;0,001953125;
2,057;0,001953125;
2,071;0,001953125;
2,09;0,001953125;
2,127;0,001953125;
2,153;0,001953125;
2,182;0;
2,195;0;
2,215;0,001953125;
2,246;0;
2,283;0,001953125;
2,308;0,001953125;
2,326;0,001953125;
2,362;0,001953125;
2,386;-0,00390625;
2,406;0;
2,439;-0,001953125;
2,462;0,001953125;
2,476;-0,00390625;
2,492;0,001953125;
2,508;0,001953125;
2,524;0,001953125;
2,538;-0,00390625;
2,557;-0,005859375;
2,572;-0,005859375;
2,588;-0,001953125;
2,612;0,001953125;
2,641;0,001953125;
2,671;0,001953125;
2,698;0,001953125;
2,712;0,001953125;
2,73;0,001953125;
2,766;0,001953125;
2,788;0,001953125;
2,803;0;
2,819;0;
2,843;-0,001953125;
2,867;0,001953125;
2,889;0,001953125;
2,912;0,001953125;
2,929;0;
2,942;0;
2,958;-0,005859375;
2,972;-0,00390625;
2,994;0;
3,02;0,001953125;
3,034;0,001953125;
3,055;0,001953125;
3,091;0;
3,119;0,001953125;
3,143;0,001953125;
3,159;-0,00390625;
3,179;-0,00390625;
3,209;-0,005859375;
3,223;0;
3,246;-0,001953125;
3,271;-0,005859375;
3,289;-0,005859375;
3,316;-0,001953125;
3,332;0,001953125;
3,351;-0,001953125;
3,382;0,001953125;
3,412;0,001953125;
3,441;0,001953125;
3,455;0,001953125;
3,475;0,001953125;
3,502;0,001953125;
3,518;0,001953125;
3,542;0,001953125;
3,563;-0,00390625;
3,579;-0,005859375;
3,599;-0,001953125;
3,634;-0,00390625;
3,657;0;
3,678;0,001953125;
3,711;0,001953125;
3,732;0,001953125;
3,756;-0,005859375;
3,784;0,001953125;
3,814;0,001953125;
3,848;0,001953125;
3,872;-0,001953125;
3,888;0;
3,905;0,001953125;
3,923;0,001953125;
3,936;0,001953125;
3,961;-0,001953125;
3,983;0;
3,999;0,001953125;
4,015;-0,001953125;
4,032;0,001953125;
4,048;0,001953125;
4,082;0,001953125;
4,109;-0,001953125;
4,121;-0,005859375;
4,139;-0,005859375;
4,154;-0,005859375;
4,184;0;
4,198;0;
4,215;0,001953125;
4,236;0;
4,261;-0,005859375;
4,278;-0,005859375;
4,314;-0,001953125;
4,338;0;
4,353;0;
4,372;-0,00390625;
4,398;-0,005859375;
4,416;-0,00390625;
4,433;-0,005859375;
4,45;-0,00390625;
4,481;-0,001953125;
4,516;-0,001953125;
4,551;0,001953125;
4,573;0,001953125;
4,586;0,001953125;
4,6;-0,00390625;
4,618;0,001953125;
4,63;0,001953125;
4,646;0;
4,665;-0,005859375;
4,678;0;
4,693;0;
4,708;0,001953125;
4,725;0,001953125;
4,747;0,001953125;
4,772;0,001953125;
4,789;0,001953125;
4,817;0,001953125;
4,838;0,001953125;
4,865;0,001953125;
4,879;0,001953125;
4,899;0,001953125;
4,928;0,001953125;
4,944;0,001953125;
4,958;0,001953125;
4,98;0,001953125;
5,004;-0,001953125;
5,027;0,001953125;
5,053;0,001953125;
5,066;0,001953125;
5,084;0,001953125;
5,098;0,001953125;
5,113;0;
5,13;0,001953125;
5,148;0,001953125;
5,177;0,001953125;
5,21;0,001953125;
5,241;0,001953125;
5,273;0,001953125;
5,299;-0,00390625;
5,319;0;
5,346;0,001953125;
5,36;0,001953125;
5,378;0,001953125;
5,392;0,001953125;
5,408;0,001953125;
5,429;0,001953125;
5,457;0,001953125;
5,472;0,001953125;
5,487;0,001953125;
5,511;0,001953125;
5,541;0,001953125;
5,564;0,001953125;
5,578;0,001953125;
5,596;0,001953125;
5,618;0,001953125;
5,63;0,001953125;
5,647;0,001953125;
5,661;0,001953125;
5,678;0,001953125;
5,691;0,001953125;
5,711;0,001953125;
5,737;0,001953125;
5,758;0,001953125;
5,785;0,001953125;
5,804;0,001953125;
5,816;0,001953125;
5,833;0,001953125;
5,852;0,001953125;
5,879;0,001953125;
5,895;0,001953125;
5,909;0,001953125;
5,924;0,001953125;
5,942;0,001953125;
5,961;0,001953125;
5,992;0,001953125;
6,022;0,001953125;
6,054;0,001953125;
6,078;0,001953125;
6,1;0,001953125;
6,126;0,001953125;
6,152;0,001953125;
6,173;0,001953125;
6,188;0,001953125;
6,206;0,001953125;
6,218;-0,001953125;
6,239;0;
6,254;0,001953125;
6,271;0,001953125;
6,307;0,001953125;
6,33;0,001953125;
6,347;0,001953125;
6,36;0,001953125;
6,375;0;
6,401;0,001953125;
6,422;0,001953125;
6,441;0,001953125;
6,455;0,001953125;
6,469;0,001953125;
6,491;0,001953125;
6,52;0,001953125;
6,549;0,001953125;
6,571;0,001953125;
6,596;0,001953125;
6,612;0,001953125;
6,65;0,001953125;
6,682;0,001953125;
6,705;0,001953125;
6,716;0,001953125;
6,743;0,001953125;
6,768;0,001953125;
6,78;0,001953125;
6,798;0,001953125;
6,816;0,001953125;
6,842;0,001953125;
6,859;-0,001953125;
6,88;0;
6,907;0,001953125;
6,919;0,001953125;
6,936;0,001953125;
6,951;0,001953125;
6,966;0,001953125;
6,983;0,001953125;
7,002;0,001953125;
7,029;0,001953125;
7,048;-0,001953125;
7,078;0,001953125;
7,093;0,001953125;
7,111;0,001953125;
7,149;0,001953125;
7,17;0,001953125;
7,188;0,001953125;
7,217;0,001953125;
7,235;0,001953125;
7,262;0,001953125;
7,283;0,001953125;
7,309;0,001953125;
7,327;0,001953125;
7,355;0,001953125;
7,371;0;
7,384;0,001953125;
7,401;-0,00390625;
7,42;0,001953125;
7,447;0,001953125;
7,468;0,001953125;
7,504;0,001953125;
7,519;0,001953125;
7,534;0,001953125;
7,551;0,001953125;
7,572;0,001953125;
7,598;0,001953125;
7,616;0;
7,646;0,001953125;
7,659;0;
7,681;0;
7,706;0,001953125;
7,731;0,001953125;
7,753;0,001953125;
7,771;0,001953125;
7,8;0,001953125;
7,814;0,001953125;
7,831;0,001953125;
7,846;0,001953125;
7,864;0,001953125;
7,878;0,001953125;
7,9;0,001953125;
7,925;0,001953125;
7,939;0,001953125;
7,96;0,001953125;
7,985;0,001953125;
8;0,001953125;
8,017;0,001953125;
8,031;0,001953125;
8,047;0,001953125;
8,063;0,001953125;
8,08;0,001953125;
8,095;0,001953125;
8,11;0,001953125;
8,124;0,001953125;
8,147;0,001953125;
8,173;0,001953125;
8,201;0,001953125;
8,217;0,001953125;
8,234;0,001953125;
8,248;0,001953125;
8,262;0,001953125;
8,284;0,001953125;
8,309;0,001953125;
8,329;0,001953125;
8,358;0,001953125;
8,376;0,001953125;
8,394;0,001953125;
8,415;0,001953125;
8,441;0,001953125;
8,471;0,001953125;
8,484;0,001953125;
8,501;0,001953125;
8,517;0,001953125;
8,536;0,001953125;
8,564;0,001953125;
8,593;-0,001953125;
8,608;-0,005859375;
8,624;0;
8,638;0,001953125;
8,654;0,001953125;
8,672;0,001953125;
8,7;0,001953125;
8,717;0,001953125;
8,733;0,001953125;
8,747;0,001953125;
8,764;-0,001953125;
8,782;0,001953125;
8,813;-0,001953125;
8,842;0,001953125;
8,862;0,001953125;
8,894;0,001953125;
8,925;0,001953125;
8,951;-0,001953125;
8,97;0,001953125;
8,989;0,001953125;
9,016;0,001953125;
9,029;-0,00390625;
9,045;-0,001953125;
9,061;-0,005859375;
9,079;0;
9,09;-0,001953125;
9,107;0,001953125;
9,123;0,001953125;
9,137;0;
9,155;-0,001953125;
9,17;0,001953125;
9,186;-0,001953125;
9,2;-0,001953125;
9,221;0,001953125;
9,25;0,001953125;
9,262;0,001953125;
9,278;-0,00390625;
9,296;-0,005859375;
9,308;-0,001953125;
9,323;0,001953125;
9,343;0,001953125;
9,372;0,001953125;
9,386;0,001953125;
9,403;0,001953125;
9,42;0,001953125;
9,45;0,001953125;
9,479;0,001953125;
9,499;0,001953125;
9,528;0,001953125;
9,562;0,001953125;
9,588;0,001953125;
9,601;0,001953125;
9,616;0,001953125;
9,638;0,001953125;
9,671;0,001953125;
9,692;0,001953125;
9,71;0,001953125;
9,726;0,001953125;
9,741;0,001953125;
9,758;0,001953125;
9,79;0,001953125;
9,816;0,001953125;
9,833;0,001953125;
9,85;0,001953125;
9,866;0,001953125;
9,9;0,001953125;
9,932;0,001953125;
9,959;0,001953125;
9,973;0,001953125;
9,988;0,001953125;
10,004;0;
10,019;0,001953125;
10,038;0,001953125;
10,069;0,001953125;
10,097;0,001953125;
10,113;0,001953125;
10,129;0,001953125;
10,144;0,001953125;
10,161;0,001953125;
10,178;0,001953125;
10,206;0,001953125;
10,224;0,001953125;
10,255;0,001953125;
10,283;0,001953125;
10,297;0,001953125;
10,318;0,001953125;
10,347;0,001953125;
10,382;0,001953125;
10,407;0,001953125;
10,424;0,001953125;
10,44;0,001953125;
10,455;0,001953125;
10,471;0,001953125;
10,488;0,001953125;
10,511;0,001953125;
10,54;0,001953125;
10,574;0,001953125;
10,598;0,001953125;
10,613;0,001953125;
10,631;0,001953125;
10,649;0,001953125;
10,678;0,001953125;
10,693;0,001953125;
10,712;0,001953125;
10,735;0,001953125;
10,751;0,001953125;
10,767;0,001953125;
10,783;0,001953125;
10,805;0,001953125;
10,828;0,001953125;
10,845;0,001953125;
10,861;0,001953125;
10,877;0,001953125;
10,893;0,001953125;
10,924;0,001953125;
10,955;0,001953125;
10,985;0,001953125;
11;0,001953125;
11,019;0,001953125;
11,051;0,001953125;
11,075;0,001953125;
11,096;0,001953125;
11,129;0,001953125;
11,158;0,001953125;
11,191;0,001953125;
11,218;0,005859375;
11,242;0,0078125;
11,273;0,00390625;
11,306;0,009765625;
11,334;0,009765625;
11,349;0,009765625;
11,362;0,009765625;
11,376;0,00390625;
11,394;0,009765625;
11,412;0,0078125;
11,428;0,009765625;
11,459;0,009765625;
11,487;0,009765625;
11,506;0,009765625;
11,534;0,009765625;
11,548;0,009765625;
11,565;0,009765625;
11,579;0,009765625;
11,594;0,009765625;
11,613;0,009765625;
11,629;0,009765625;
11,643;0,009765625;
11,656;0,009765625;
11,679;0,009765625;
11,707;0,009765625;
11,739;0,009765625;
11,755;0,009765625;
11,782;0,009765625;
11,808;0,009765625;
11,835;0,009765625;
11,849;0,009765625;
11,868;0,009765625;
11,897;0,009765625;
11,912;0,009765625;
11,928;0,009765625;
11,943;0,009765625;
11,96;0,009765625;
11,989;0,009765625;
12,01;0,009765625;
12,036;0,009765625;
12,052;0,005859375;
12,069;0,0078125;
12,082;0,0078125;
12,105;0,009765625;
12,136;0,009765625;
12,162;0,009765625;
12,175;0,009765625;
12,195;0,009765625;
12,211;0,009765625;
12,24;0,009765625;
12,254;0,009765625;
12,268;0,009765625;
12,286;0,009765625;
12,301;0,009765625;
12,321;0,009765625;
12,347;0,009765625;
12,364;0,009765625;
12,379;0,009765625;
12,396;0,009765625;
12,417;0,009765625;
12,447;0,009765625;
12,473;0,009765625;
12,492;0,009765625;
12,523;0,009765625;
12,539;0,009765625;
12,555;0,009765625;
12,57;0,009765625;
12,584;0,009765625;
12,599;0,009765625;
12,614;0,005859375;
12,632;0,00390625;
12,646;0,0078125;
12,663;0,005859375;
12,677;0,00390625;
12,692;0,00390625;
12,707;0,00390625;
12,721;0,00390625;
12,74;0,00390625;
12,757;0,00390625;
12,787;0,00390625;
12,806;0,00390625;
12,833;0,00390625;
12,849;0,00390625;
12,863;0,00390625;
12,878;0,00390625;
12,894;0,00390625;
12,908;0,00390625;
12,926;0,00390625;
12,939;0,00390625;
12,955;0,00390625;
12,97;0,00390625;
12,987;0,00390625;
13,001;0,00390625;
13,022;0,00390625;
13,05;0,00390625;
13,067;0,00390625;
13,081;0,00390625;
13,1;0,00390625;
13,127;0,00390625;
13,143;0,00390625;
13,159;0,00390625;
13,183;0,00390625;
13,206;0,00390625;
13,219;0,00390625;
13,237;0,00390625;
13,257;0,00390625;
13,285;0,00390625;
13,3;0,00390625;
13,319;0,00390625;
13,353;0,00390625;
13,377;0,00390625;
13,393;0,00390625;
13,405;0,00390625;
13,421;0,00390625;
13,439;0,00390625;
13,458;0,00390625;
13,482;0,00390625;
13,507;0,00390625;
13,521;0,00390625;
13,536;0,00390625;
13,551;0,00390625;
13,568;0,00390625;
13,582;0,00390625;
13,599;0,00390625;
13,614;0,00390625;
13,638;0,00390625;
13,662;0,00390625;
13,675;0,00390625;
13,69;0,00390625;
13,708;0,00390625;
13,723;0,00390625;
13,737;0,00390625;
13,753;0,00390625;
13,769;0,00390625;
13,783;0,00390625;
13,799;0,00390625;
13,815;0,00390625;
13,832;0,00390625;
13,846;0,00390625;
13,862;0,00390625;
13,882;0,00390625;
13,899;0,00390625;
13,917;0,00390625;
13,937;0,00390625;
13,962;0,00390625;
13,977;0,00390625;
14;0,00390625;
14,031;0,00390625;
14,056;0,00390625;
14,071;0,00390625;
14,089;0,00390625;
14,107;0,00390625;
14,134;0,00390625;
14,15;0,00390625;
14,165;0,00390625;
14,181;0,00390625;
14,199;0,00390625;
14,214;0,00390625;
14,231;0,00390625;
14,247;0,00390625;
14,275;0,00390625;
14,291;0,00390625;
14,311;0,00390625;
14,339;0,00390625;
14,356;0,00390625;
14,378;0,00390625;
14,408;0,00390625;
14,434;0,00390625;
14,446;0,00390625;
14,466;0,00390625;
14,486;0,00390625;
14,502;0,00390625;
14,516;0,00390625;
14,532;0,00390625;
14,549;0,00390625;
14,563;0,00390625;
14,578;0,00390625;
14,595;0,00390625;
14,612;0,00390625;
14,63;0,00390625;
14,642;0,00390625;
14,666;0,00390625;
14,689;0,00390625;
14,705;0,00390625;
14,721;0,00390625;
14,74;0,00390625;
14,768;0,00390625;
14,782;0,00390625;
14,797;0,00390625;
14,817;0,00390625;
14,843;0,00390625;
14,861;0,00390625;
14,877;0,00390625;
14,907;0,00390625;
14,923;0,00390625;
14,946;0,00390625;
14,968;0,00390625;
14,984;0,00390625;
14,999;0,00390625;
15,014;0,00390625;
15,03;0,00390625;
15,048;0,00390625;
15,062;0,00390625;
15,078;0,00390625;
15,091;0,00390625;
15,106;0,00390625;
15,123;0,00390625;
15,14;-0,00390625;
15,154;-0,001953125;
15,179;0,001953125;
15,202;0,001953125;
15,216;0,001953125;
15,234;0,001953125;
15,254;0,001953125;
15,28;0,001953125;
15,295;0,001953125;
15,31;0,001953125;
15,326;0,001953125;
15,343;0,001953125;
15,362;0,001953125;
15,393;0,001953125;
15,419;0,001953125;
15,438;0,001953125;
15,451;0,001953125;
15,47;0,001953125;
15,497;0,001953125;
15,513;0,001953125;
15,528;0,001953125;
15,543;0,001953125;
15,562;0,001953125;
15,575;0,001953125;
15,589;0,001953125;
15,606;0,001953125;
15,622;0,001953125;
15,637;0,001953125;
15,652;0,001953125;
15,676;0,001953125;
15,704;0,001953125;
15,732;0,001953125;
15,747;0,001953125;
15,762;0,001953125;
15,776;0,001953125;
15,793;0,001953125;
15,808;0,001953125;
15,822;0,001953125;
15,837;0,001953125;
15,853;0,001953125;
15,872;0,001953125;
15,886;0,001953125;
15,905;0,001953125;
15,934;0,001953125;
15,955;0,001953125;
15,982;0,001953125;
15,997;0,001953125;
16,01;0,001953125;
16,031;0,001953125;
16,057;0,001953125;
16,073;0,001953125;
16,093;0,001953125;
16,119;0,001953125;
16,136;0,001953125;
16,148;0,001953125;
16,166;0,001953125;
16,182;0,001953125;
16,196;0,001953125;
16,211;0,001953125;
16,232;0,001953125;
16,257;0,001953125;
16,272;0,001953125;
16,289;0,001953125;
16,31;0,001953125;
16,337;0,001953125;
16,354;0,001953125;
16,369;0,001953125;
16,389;0,001953125;
16,415;0,001953125;
16,435;0,005859375;
16,461;0,009765625;
16,487;0,009765625;
16,51;0,009765625;
16,523;0,009765625;
16,539;0,009765625;
16,555;0,009765625;
16,57;0,009765625;
16,594;0,009765625;
16,616;0,009765625;
16,638;0,009765625;
16,672;0,009765625;
16,699;0,009765625;
16,726;0,009765625;
16,742;0,009765625;
16,758;0,009765625;
16,778;0,009765625;
16,806;0,009765625;
16,829;0,009765625;
16,853;0,009765625;
16,869;0,009765625;
16,885;0,009765625;
16,9;0,009765625;
16,922;0,009765625;
16,949;0,009765625;
16,963;0,009765625;
16,977;0,009765625;
17,002;0,009765625;
17,026;0,009765625;
17,054;0,009765625;
17,078;0,009765625;
17,1;0,009765625;
17,117;0,009765625;
17,131;0,009765625;
17,147;0,009765625;
17,163;0,009765625;
17,184;0,009765625;
17,209;0,009765625;
17,224;0,009765625;
17,24;0,009765625;
17,255;0,009765625;
17,27;0,009765625;
17,286;0,009765625;
17,303;0,009765625;
17,318;0,009765625;
17,341;0,009765625;
17,355;0,009765625;
17,37;0,009765625;
17,386;0,009765625;
17,406;0,009765625;
17,435;0,009765625;
17,45;0,009765625;
17,464;0,005859375;
17,479;0,00390625;
17,494;0,00390625;
17,513;0,00390625;
17,526;0,00390625;
17,541;0,00390625;
17,558;0,00390625;
17,577;0,00390625;
17,605;0,00390625;
17,622;0,00390625;
17,635;0,00390625;
17,653;0,00390625;
17,669;0,00390625;
17,683;0,00390625;
17,698;0,00390625;
17,715;0,00390625;
17,73;0,00390625;
17,745;0,00390625;
17,761;0,00390625;
17,778;0,00390625;
17,807;0,00390625;
17,824;0,00390625;
17,838;0,00390625;
17,852;0,00390625;
17,866;0,00390625;
17,882;0,00390625;
17,899;0,00390625;
17,92;0,00390625;
17,947;0,00390625;
17,974;0,00390625;
17,991;0,00390625;
18,011;0,00390625;
18,039;0,00390625;
18,054;0,00390625;
18,07;0,00390625;
18,084;0,00390625;
18,1;0,00390625;
18,116;0,00390625;
18,13;0,00390625;
18,147;0,00390625;
18,17;0,00390625;
18,191;0,00390625;
18,207;0,00390625;
18,226;0,00390625;
18,24;0,00390625;
18,256;0,00390625;
18,271;0,00390625;
18,291;0,00390625;
18,32;0,00390625;
18,333;0,00390625;
18,348;0,00390625;
18,366;0,00390625;
18,38;0,00390625;
18,396;0,00390625;
18,411;0,00390625;
18,427;0,00390625;
18,444;0,00390625;
18,456;0,00390625;
18,473;0,00390625;
18,488;0,00390625;
18,508;0,00390625;
18,54;0,00390625;
18,574;0,00390625;
18,598;0,00390625;
18,615;0,00390625;
18,629;0,00390625;
18,644;0,00390625;
18,661;0,00390625;
18,677;0,00390625;
18,691;0,00390625;
18,709;0,00390625;
18,723;0,00390625;
18,738;0,00390625;
18,754;0,00390625;
18,77;0,00390625;
18,786;0,00390625;
18,802;0,00390625;
18,821;0,00390625;
18,847;0,00390625;
18,861;0,00390625;
18,877;0,00390625;
18,895;0,00390625;
18,908;0,00390625;
18,925;0,00390625;
18,941;0,00390625;
18,958;0,00390625;
18,986;0,00390625;
19,003;0,00390625;
19,018;0,00390625;
19,033;0,00390625;
19,049;0,00390625;
19,064;0,00390625;
19,079;0,00390625;
19,096;0,00390625;
19,113;0,00390625;
19,14;0,00390625;
19,157;0,00390625;
19,172;0,00390625;
19,193;0,00390625;
19,222;0,00390625;
19,255;0,00390625;
19,281;0,00390625;
19,301;0,00390625;
19,329;0,00390625;
19,342;0,00390625;
19,357;0,00390625;
19,376;0,00390625;
19,39;0,00390625;
19,405;0,00390625;
19,421;0,00390625;
19,438;0,00390625;
19,461;0,00390625;
19,484;0,00390625;
19,5;0,00390625;
19,52;0,00390625;
19,551;0,00390625;
19,579;0,00390625;
19,591;0,00390625;
19,608;0,00390625;
19,626;0,00390625;
19,654;0,00390625;
19,671;0,00390625;
19,683;0,00390625;
19,71;0,00390625;
19,736;0,00390625;
19,764;0,00390625;
19,78;0,00390625;
19,791;0,00390625;
19,809;0,00390625;
19,822;0,00390625;
19,843;0,00390625;
19,868;0,00390625;
19,885;0,00390625;
19,9;0,00390625;
19,915;0,00390625;
19,937;0,00390625;
19,965;0,00390625;
19,994;0,00390625;
20,008;0,00390625;
20,028;0,00390625;
20,055;0,00390625;
20,072;0,00390625;
20,085;0,00390625;
20,103;0,00390625;
20,12;0,00390625;
20,135;0,00390625;
20,147;0,00390625;
20,164;0,00390625;
20,177;0,00390625;
20,2;0,00390625;
20,224;0,00390625;
20,24;0,00390625;
20,255;0,00390625;
20,278;0,00390625;
20,302;0,00390625;
20,319;0,00390625;
20,332;0,00390625;
20,35;0,00390625;
20,366;0,00390625;
20,38;0,00390625;
20,395;0,00390625;
20,41;0,00390625;
20,434;0,00390625;
20,459;0,00390625;
20,473;0,00390625;
20,489;0,00390625;
20,504;0,00390625;
20,521;0,00390625;
20,536;0,00390625;
20,552;0,00390625;
20,567;0,00390625;
20,583;0,00390625;
20,598;0,00390625;
20,614;0,00390625;
20,632;0,00390625;
20,65;0,00390625;
20,677;0,00390625;
20,691;0,00390625;
20,707;0,00390625;
20,722;0,00390625;
20,738;0,00390625;
20,754;0,00390625;
20,769;0,00390625;
20,784;0,00390625;
20,799;0,005859375;
20,816;0,0078125;
20,829;0,009765625;
20,845;0,009765625;
20,859;0,0078125;
20,875;0,009765625;
20,891;0,009765625;
20,909;0,009765625;
20,932;0,009765625;
20,955;0,009765625;
20,97;0,009765625;
20,985;0,009765625;
21;0,009765625;
21,016;0,009765625;
21,031;0,009765625;
21,046;0,009765625;
21,06;0,009765625;
21,075;0,009765625;
21,1;0,009765625;
21,123;0,009765625;
21,139;0,009765625;
21,153;0,009765625;
21,17;0,009765625;
21,184;0,009765625;
21,198;0,009765625;
21,216;0,009765625;
21,229;0,013671875;
21,248;0,01171875;
21,261;0,017578125;
21,277;0,017578125;
21,298;0,017578125;
21,325;0,017578125;
21,339;0,017578125;
21,357;0,017578125;
21,371;0,0234375;
21,387;0,02734375;
21,401;0,02734375;
21,416;0,02734375;
21,439;0,02734375;
21,463;0,02734375;
21,479;0,033203125;
21,493;0,03515625;
21,51;0,03515625;
21,524;0,0390625;
21,543;0,037109375;
21,578;0,037109375;
21,604;0,037109375;
21,632;0,037109375;
21,649;0,037109375;
21,665;0,037109375;
21,68;0,037109375;
21,696;0,037109375;
21,712;0,037109375;
21,725;0,037109375;
21,743;0,041015625;
21,772;0,04296875;
21,788;0,0390625;
21,804;0,04296875;
21,822;0,04296875;
21,855;0,04296875;
21,882;0,04296875;
21,896;0,04296875;
21,911;0,04296875;
21,934;0,052734375;
21,958;0,052734375;
21,973;0,064453125;
21,991;0,06640625;
22,004;0,07421875;
22,023;0,08203125;
22,051;0,0859375;
22,069;0,0859375;
22,097;0,0859375;
22,113;0,0859375;
22,129;0,087890625;
22,144;0,087890625;
22,16;0,087890625;
22,177;0,087890625;
22,192;0,08203125;
22,212;0,080078125;
22,241;0,080078125;
22,268;0,080078125;
22,284;0,080078125;
22,3;0,080078125;
22,316;0,080078125;
22,348;0,080078125;
22,376;0,080078125;
22,39;0,080078125;
22,408;0,080078125;
22,439;0,080078125;
22,456;0,080078125;
22,473;0,080078125;
22,487;0,080078125;
22,502;0,080078125;
22,518;0,080078125;
22,532;0,080078125;
22,548;0,080078125;
22,562;0,083984375;
22,583;0,083984375;
22,613;0,0859375;
22,643;0,080078125;
22,673;0,0859375;
22,687;0,0859375;
22,701;0,08203125;
22,718;0,080078125;
22,734;0,083984375;
22,748;0,0859375;
22,766;0,0859375;
22,779;0,0859375;
22,793;0,0859375;
22,808;0,08203125;
22,824;0,080078125;
22,839;0,080078125;
22,857;0,072265625;
22,869;0,0703125;
22,887;0,06640625;
22,903;0,0625;
22,916;0,0625;
22,93;0,0625;
22,949;0,056640625;
22,965;0,0546875;
22,978;0,048828125;
22,995;0,044921875;
23,012;0,044921875;
23,024;0,044921875;
23,041;0,044921875;
23,055;0,044921875;
23,071;0,044921875;
23,087;0,041015625;
23,102;0,037109375;
23,12;0,037109375;
23,136;0,037109375;
23,151;0,037109375;
23,164;0,037109375;
23,19;0,037109375;
23,212;0,03125;
23,233;0,029296875;
23,258;0,029296875;
23,275;0,029296875;
23,289;0,021484375;
23,304;0,01953125;
23,32;0,01953125;
23,336;0,01953125;
23,351;0,01953125;
23,368;0,013671875;
23,381;0,01171875;
23,397;0,01171875;
23,412;0,01171875;
23,434;0,00390625;
23,464;0,00390625;
23,491;0,00390625;
23,507;0,00390625;
23,522;0,00390625;
23,537;0,00390625;
23,552;0,00390625;
23,567;0,00390625;
23,583;0,00390625;
23,606;0,00390625;
23,633;0,00390625;
23,653;0,00390625;
23,679;0,00390625;
23,693;0,00390625;
23,716;0,00390625;
23,739;0,00390625;
23,758;0,00390625;
23,784;0,00390625;
23,8;0,00390625;
23,818;0,00390625;
23,834;0,00390625;
23,851;0,00390625;
23,881;0,00390625;
23,896;0,00390625;
23,912;0,00390625;
23,926;0,00390625;
23,942;0,00390625;
23,959;0,00390625;
23,974;0,00390625;
23,991;0,00390625;
24,019;0,00390625;
24,034;0,00390625;
24,05;0,00390625;
24,065;0,00390625;
24,083;0,00390625;
24,111;0,00390625;
24,125;0,00390625;
24,148;0,00390625;
24,168;0,00390625;
24,183;0,00390625;
24,205;0,00390625;
24,23;0,00390625;
24,246;0,00390625;
24,261;0,00390625;
24,278;0,00390625;
24,292;0,00390625;
24,313;0,00390625;
24,34;0,00390625;
24,356;0,00390625;
24,37;0,00390625;
24,387;0,00390625;
24,416;0,00390625;
24,433;0,00390625;
24,448;0,00390625;
24,461;0,00390625;
24,478;0,00390625;
24,493;0,00390625;
24,509;0,00390625;
24,524;0,00390625;
24,538;0,00390625;
24,556;0,00390625;
24,571;0,00390625;
24,586;0,00390625;
24,6;0,00390625;
24,617;0,00390625;
24,633;0,00390625;
24,648;0,00390625;
24,664;0,00390625;
24,683;0,00390625;
24,708;0,00390625;
24,724;0,00390625;
24,744;0,00390625;
24,773;0,00390625;
24,789;0,00390625;
24,803;0,00390625;
24,821;0,00390625;
24,835;0,00390625;
24,851;0,00390625;
24,866;0,00390625;
24,88;0,00390625;
24,897;0,00390625;
24,913;0,00390625;
24,926;0,00390625;
24,947;0,00390625;
24,971;0,00390625;
24,99;0,00390625;
25,021;0,00390625;
25,034;0,00390625;
25,05;0,00390625;
25,069;0,00390625;
25,081;0,00390625;
25,099;0,00390625;
25,128;0,00390625;
25,142;0,00390625;
25,157;0,00390625;
25,174;0,00390625;
25,193;0,00390625;
25,22;0,00390625;
25,234;0,00390625;
25,253;0,00390625;
25,28;0,00390625;
25,298;0,00390625;
25,312;0,00390625;
25,328;0,00390625;
25,344;0,00390625;
25,357;0,00390625;
25,375;0,00390625;
25,392;0,00390625;
25,419;0,00390625;
25,435;0,00390625;
25,452;0,00390625;
25,467;0,00390625;
25,482;0,00390625;
25,5;0,00390625;
25,514;0,00390625;
25,526;0,00390625;
25,544;0,00390625;
25,557;0,00390625;
25,574;0,00390625;
25,591;0,00390625;
25,605;0,00390625;
25,62;0,00390625;
25,639;0,00390625;
25,653;0,00390625;
25,668;0,00390625;
25,687;0,00390625;
25,715;0,00390625;
25,741;0,00390625;
25,762;0,00390625;
25,778;0,00390625;
25,794;0,00390625;
25,809;0,00390625;
25,824;0,00390625;
25,838;0,00390625;
25,853;0,00390625;
25,878;0,00390625;
25,903;0,00390625;
25,919;0,00390625;
25,931;0,00390625;
25,951;0,00390625;
25,963;0,00390625;
25,979;0,00390625;
26,002;0,00390625;
26,026;0,00390625;
26,042;0,00390625;
26,056;0,00390625;
26,074;0,00390625;
26,089;0,00390625;
26,103;0,00390625;
26,123;0,00390625;
26,137;0,00390625;
26,152;0,00390625;
26,167;0,00390625;
26,189;0,00390625;
26,213;0,00390625;
26,23;0,00390625;
26,246;0,00390625;
26,264;0,00390625;
26,284;0,00390625;
26,307;0,00390625;
26,323;0,00390625;
26,344;0,00390625;
26,37;0,00390625;
26,388;0,00390625;
26,4;0,00390625;
26,418;0,00390625;
26,43;0,00390625;
26,449;0,00390625;
26,463;0,00390625;
26,478;0,00390625;
26,497;0,00390625;
26,526;0,00390625;
26,541;0,00390625;
26,557;0,00390625;
26,572;0,00390625;
26,586;0,00390625;
26,601;0,00390625;
26,621;0,00390625;
26,648;0,00390625;
26,668;0,001953125;
26,7;0,001953125;
26,728;0,001953125;
26,742;0,001953125;
26,755;0,001953125;
26,772;0,001953125;
26,786;0,001953125;
26,803;0,001953125;
26,816;0,001953125;
26,839;0,001953125;
26,864;0,001953125;
26,886;0,001953125;
26,914;0,001953125;
26,926;0,001953125;
26,946;0,001953125;
26,968;0,001953125;
26,999;0,001953125;
27,029;0,001953125;
27,043;0,001953125;
27,062;0,005859375;
27,088;0,009765625;
27,102;0,009765625;
27,119;0,009765625;
27,137;0,0078125;
27,151;0,009765625;
27,166;0,009765625;
27,182;0,009765625;
27,197;0,009765625;
27,212;0,009765625;
27,228;0,009765625;
27,243;0,009765625;
27,258;0,009765625;
27,276;0,009765625;
27,29;0,009765625;
27,31;0,009765625;
27,337;0,009765625;
27,352;0,009765625;
27,369;0,009765625;
27,383;0,009765625;
27,399;0,009765625;
27,415;0,009765625;
27,438;0,009765625;
27,464;0,009765625;
27,48;0,009765625;
27,492;0,009765625;
27,508;0,009765625;
27,524;0,009765625;
27,541;0,009765625;
27,556;0,009765625;
27,572;0,009765625;
27,588;0,009765625;
27,605;0,009765625;
27,633;0,009765625;
27,648;0,009765625;
27,664;0,009765625;
27,68;0,009765625;
27,695;0,009765625;
27,719;0,009765625;
27,75;0,009765625;
27,775;0,009765625;
27,79;0,009765625;
27,805;0,009765625;
27,823;0,009765625;
27,842;0,009765625;
27,869;0,009765625;
27,884;0,009765625;
27,899;0,009765625;
27,915;0,009765625;
27,929;0,009765625;
27,946;0,009765625;
27,962;0,009765625;
27,979;0,009765625;
27,992;0,009765625;
28,008;0,009765625;
28,024;0,009765625;
28,042;0,009765625;
28,072;0,009765625;
28,085;0,009765625;
28,1;0,009765625;
28,119;0,009765625;
28,136;0,009765625;
28,164;0,009765625;
28,179;0,009765625;
28,195;0,009765625;
28,21;0,009765625;
28,228;0,009765625;
28,24;0,009765625;
28,257;0,009765625;
28,273;0,009765625;
28,287;0,009765625;
28,303;0,009765625;
28,32;0,009765625;
28,334;0,009765625;
28,355;0,009765625;
28,384;0,009765625;
28,397;0,009765625;
28,412;0,009765625;
28,427;0,009765625;
28,441;0,009765625;
28,461;0,009765625;
28,476;0,009765625;
28,489;0,009765625;
28,506;0,009765625;
28,52;0,009765625;
28,534;0,009765625;
28,551;0,009765625;
28,567;0,009765625;
28,584;0,009765625;
28,611;0,009765625;
28,627;0,009765625;
28,643;0,009765625;
28,658;0,009765625;
28,673;0,009765625;
28,69;0,009765625;
28,704;0,009765625;
28,72;0,009765625;
28,735;0,009765625;
28,752;0,009765625;
28,767;0,009765625;
28,783;0,009765625;
28,797;0,009765625;
28,812;0,009765625;
28,829;0,009765625;
28,844;0,009765625;
28,861;0,009765625;
28,876;0,009765625;
28,892;0,009765625;
28,906;0,009765625;
28,92;0,009765625;
28,937;0,009765625;
28,953;0,009765625;
28,967;0,015625;
28,986;0,015625;
28,999;0,017578125;
29,016;0,017578125;
29,031;0,017578125;
29,051;0,017578125;
29,08;0,017578125;
29,096;0,017578125;
29,109;0,015625;
29,125;0,017578125;
29,142;0,017578125;
29,157;0,017578125;
29,172;0,017578125;
29,186;0,01171875;
29,207;0,017578125;
29,234;0,017578125;
29,25;0,017578125;
29,266;0,013671875;
29,28;0,017578125;
29,298;0,017578125;
29,31;0,017578125;
29,327;0,017578125;
29,343;0,017578125;
29,358;0,017578125;
29,373;0,017578125;
29,389;0,017578125;
29,403;0,017578125;
29,424;0,017578125;
29,45;0,017578125;
29,466;0,017578125;
29,48;0,017578125;
29,497;0,017578125;
29,513;0,017578125;
29,527;0,017578125;
29,546;0,017578125;
29,567;0,017578125;
29,59;0,017578125;
29,607;0,017578125;
29,621;0,017578125;
29,636;0,017578125;
29,653;0,017578125;
29,667;0,017578125;
29,688;0,017578125;
29,716;0,017578125;
29,732;0,017578125;
29,747;0,017578125;
29,762;0,017578125;
29,779;0,017578125;
29,792;0,017578125;
29,811;0,017578125;
29,826;0,017578125;
29,843;0,017578125;
29,856;0,017578125;
29,871;0,017578125;
29,888;0,017578125;
29,904;0,017578125;
29,92;0,017578125;
29,936;0,017578125;
29,951;0,017578125;
29,966;0,017578125;
29,982;0,017578125;
30;0,017578125;
30,013;0,017578125;
30,028;0,017578125;
30,044;0,017578125;
30,065;0,017578125;
30,091;0,01171875;
30,104;0,01171875;
30,125;0,01171875;
30,152;0,01171875;
30,167;0,01171875;
30,182;0,01171875;
30,199;0,01171875;
30,214;0,00390625;
30,231;0,00390625;
30,245;0,00390625;
30,261;0,00390625;
30,28;0,00390625;
30,308;0,00390625;
30,326;0,00390625;
30,345;0,00390625;
30,373;0,00390625;
30,386;0,00390625;
30,403;0,00390625;
30,42;0,00390625;
30,434;0,00390625;
30,448;0,00390625;
30,465;0,00390625;
30,481;0,00390625;
30,495;0,00390625;
30,51;0,00390625;
30,526;0,00390625;
30,543;0,00390625;
30,558;0,00390625;
30,574;0,00390625;
30,59;0,00390625;
30,605;0,00390625;
30,621;0,00390625;
30,635;0,00390625;
30,65;0,00390625;
30,666;0,00390625;
30,68;0,00390625;
30,698;0,00390625;
30,713;0,00390625;
30,726;0,00390625;
30,744;0,00390625;
30,76;0,00390625;
30,774;0,00390625;
30,79;0,00390625;
30,806;0,00390625;
30,823;0,00390625;
30,836;0,00390625;
30,854;0,00390625;
30,868;0,00390625;
30,882;0,00390625;
30,901;0,00390625;
30,913;0,00390625;
30,93;0,00390625;
30,944;0,00390625;
30,96;0,00390625;
30,978;0,00390625;
30,99;0,00390625;
31,007;0,00390625;
31,024;0,00390625;
31,037;0,00390625;
31,054;0,00390625;
31,071;0,00390625;
31,084;0,00390625;
31,1;0,00390625;
31,115;0,00390625;
31,131;0,00390625;
31,146;0,00390625;
31,162;0,00390625;
31,18;0,00390625;
31,195;0,00390625;
31,211;0,00390625;
31,225;0,00390625;
31,243;0,00390625;
31,255;0,00390625;
31,271;0,00390625;
31,285;0,00390625;
31,303;0,00390625;
31,318;0,00390625;
31,338;0,00390625;
31,363;0,00390625;
31,379;0,00390625;
31,394;0,00390625;
31,409;0,00390625;
31,425;0,00390625;
31,441;0,00390625;
31,455;0,00390625;
31,473;0,00390625;
31,488;0,00390625;
31,502;0,00390625;
31,52;0,00390625;
31,534;0,00390625;
31,557;0,00390625;
31,572;0,00390625;
31,589;0,00390625;
31,601;0,00390625;
31,617;0,00390625;
31,633;0,00390625;
31,654;0,00390625;
31,681;0,00390625;
31,699;0,00390625;
31,726;0,00390625;
31,742;0,00390625;
31,758;0,00390625;
31,774;0,00390625;
31,789;0,00390625;
31,807;0,00390625;
31,82;0,00390625;
31,835;0,00390625;
31,851;0,00390625;
31,866;0,00390625;
31,884;0,00390625;
31,901;0,00390625;
31,915;0,00390625;
31,929;0,00390625;
31,944;0,00390625;
31,96;0,00390625;
31,977;0,00390625;
31,99;0,00390625;
32,005;0,00390625;
32,02;0,00390625;
32,037;0,00390625;
32,055;0,00390625;
32,069;0,00390625;
32,084;0,00390625;
32,1;0,00390625;
32,115;0,00390625;
32,131;0,00390625;
32,145;0,00390625;
32,166;0,00390625;
32,192;0,00390625;
32,208;0,00390625;
32,223;0,00390625;
32,24;0,00390625;
32,254;0,00390625;
32,272;-0,001953125;
32,287;0,001953125;
32,302;0,001953125;
32,317;0,001953125;
32,332;0,001953125;
32,348;0,001953125;
32,364;0,001953125;
32,379;0,001953125;
32,394;0,001953125;
32,41;0,001953125;
32,423;0,001953125;
32,44;0,001953125;
32,455;0,001953125;
32,469;0,001953125;
32,487;0,001953125;
32,502;0,001953125;
32,516;0,001953125;
32,533;0,001953125;
32,551;0,001953125;
32,565;0,001953125;
32,584;0,001953125;
32,596;0,001953125;
32,615;0,001953125;
32,629;0,001953125;
32,652;0,001953125;
32,677;0,001953125;
32,696;0,001953125;
32,724;0,001953125;
32,737;0,001953125;
32,754;0,001953125;
32,77;0,001953125;
32,783;0,001953125;
32,799;0,001953125;
32,819;-0,001953125;
32,846;0,001953125;
32,861;0,001953125;
32,876;0,001953125;
32,893;0,001953125;
32,908;0,001953125;
32,924;0,001953125;
32,938;0,001953125;
32,953;0,001953125;
32,97;0,001953125;
32,986;0,001953125;
33;0,001953125;
33,015;0,001953125;
33,03;0,001953125;
33,048;0,001953125;
33,061;0,001953125;
33,077;0,001953125;
33,093;0,001953125;
33,109;0,001953125;
33,123;0,001953125;
33,14;0,001953125;
33,154;0,001953125;
33,171;0,001953125;
33,186;0,001953125;
33,2;0,001953125;
33,215;0,001953125;
33,233;0,001953125;
33,249;0,001953125;
33,263;0,001953125;
33,279;0,001953125;
33,294;0,001953125;
33,309;0,001953125;
33,326;0,001953125;
33,342;0,001953125;
33,358;0,001953125;
33,374;0,001953125;
33,389;0,001953125;
33,405;0,001953125;
33,42;0,001953125;
33,435;0,001953125;
33,45;0,001953125;
33,47;0,001953125;
33,498;0,001953125;
33,513;0,001953125;
33,528;0,001953125;
33,544;0,001953125;
33,558;0,005859375;
33,573;0,00390625;
33,591;0,005859375;
33,605;0,0078125;
33,623;0,009765625;
33,64;0,009765625;
33,668;0,009765625;
33,684;0,009765625;
33,699;0,009765625;
33,716;0,009765625;
33,732;0,009765625;
33,748;0,009765625;
33,762;0,009765625;
33,777;0,009765625;
33,796;0,009765625;
33,809;0,009765625;
33,825;0,009765625;
33,841;0,009765625;
33,857;0,009765625;
33,873;0,009765625;
33,889;0,009765625;
33,905;0,009765625;
33,919;0,009765625;
33,934;0,009765625;
33,95;0,009765625;
33,965;0,009765625;
33,983;0,009765625;
33,995;0,009765625;
34,011;0,009765625;
34,029;0,009765625;
34,045;0,009765625;
34,058;0,009765625;
34,075;0,009765625;
34,09;0,009765625;
34,105;0,009765625;
34,121;0,009765625;
34,137;0,009765625;
34,156;0,009765625;
34,169;0,009765625;
34,19;0,009765625;
34,215;0,009765625;
34,23;0,009765625;
34,244;0,009765625;
34,261;0,009765625;
34,276;0,009765625;
34,293;0,009765625;
34,308;0,009765625;
34,323;0,009765625;
34,338;0,009765625;
34,354;0,009765625;
34,37;0,009765625;
34,386;0,009765625;
34,402;0,009765625;
34,419;0,009765625;
34,437;0,009765625;
34,451;0,013671875;
34,466;0,01171875;
34,481;0,01171875;
34,494;0,01171875;
34,51;0,01171875;
34,528;0,01171875;
34,542;0,01171875;
34,561;0,01171875;
34,573;0,01171875;
34,59;0,01171875;
34,605;0,01171875;
34,624;0,01171875;
34,652;0,01171875;
34,668;0,01171875;
34,684;0,01171875;
34,7;0,01171875;
34,716;0,01171875;
34,734;0,01171875;
34,76;0,01171875;
34,775;0,01171875;
34,79;0,01171875;
34,808;0,01171875;
34,822;0,01171875;
34,839;0,01171875;
34,855;0,01171875;
34,869;0,01171875;
34,886;0,01171875;
34,899;0,01171875;
34,92;0,01171875;
34,948;0,01171875;
34,965;0,01171875;
34,979;0,01171875;
34,995;0,01171875;
35,012;0,01171875;
35,027;0,01171875;
35,042;0,01171875;
35,057;0,01171875;
35,074;0,01171875;
35,088;0,01171875;
35,104;0,01171875;
35,124;0,01171875;
35,15;0,01171875;
35,167;0,01171875;
35,18;0,01171875;
35,204;0,01171875;
35,227;0,013671875;
35,242;0,01171875;
35,258;0,017578125;
35,272;0,017578125;
35,29;0,017578125;
35,303;0,017578125;
35,318;0,017578125;
35,335;0,017578125;
35,351;0,017578125;
35,365;0,017578125;
35,392;0,017578125;
35,404;0,025390625;
35,422;0,02734375;
35,435;0,02734375;
35,453;0,02734375;
35,469;0,02734375;
35,482;0,02734375;
35,498;0,02734375;
35,513;0,02734375;
35,527;0,02734375;
35,545;0,02734375;
35,559;0,02734375;
35,575;0,02734375;
35,593;0,02734375;
35,608;0,02734375;
35,621;0,02734375;
35,635;0,02734375;
35,652;0,02734375;
35,666;0,02734375;
35,682;0,02734375;
35,698;0,02734375;
35,712;0,02734375;
35,73;0,02734375;
35,745;0,02734375;
35,761;0,02734375;
35,777;0,02734375;
35,794;0,02734375;
35,807;0,033203125;
35,822;0,03515625;
35,837;0,03515625;
35,852;0,03515625;
35,869;0,03515625;
35,885;0,03515625;
35,903;0,03515625;
35,915;0,03515625;
35,932;0,03515625;
35,947;0,03515625;
35,965;0,03515625;
35,978;0,03515625;
35,994;0,03515625;
36,011;0,03515625;
36,027;0,03515625;
36,04;0,03515625;
36,056;0,03515625;
36,07;0,03515625;
36,087;0,03515625;
36,104;0,03515625;
36,117;0,03515625;
36,132;0,03515625;
36,148;0,03515625;
36,165;0,03515625;
36,18;0,029296875;
36,194;0,029296875;
36,212;0,029296875;
36,228;0,029296875;
36,243;0,029296875;
36,262;0,029296875;
36,29;0,029296875;
36,303;0,029296875;
36,32;0,029296875;
36,336;0,029296875;
36,35;0,029296875;
36,366;0,029296875;
36,381;0,029296875;
36,401;0,029296875;
36,43;0,029296875;
36,449;0,029296875;
36,464;0,029296875;
36,48;0,029296875;
36,495;0,029296875;
36,511;0,029296875;
36,526;0,029296875;
36,545;0,0234375;
36,561;0,0234375;
36,59;0,025390625;
36,608;0,02734375;
36,621;0,025390625;
36,64;0,01953125;
36,667;0,01953125;
36,684;0,01953125;
36,696;0,01953125;
36,713;0,01953125;
36,729;0,01953125;
36,744;0,01953125;
36,76;0,01953125;
36,775;0,01953125;
36,792;0,01953125;
36,807;0,0234375;
36,822;0,01953125;
36,84;0,0234375;
36,854;0,025390625;
36,873;0,02734375;
36,899;0,02734375;
36,915;0,02734375;
36,929;0,02734375;
36,946;0,02734375;
36,966;0,02734375;
36,992;0,02734375;
37,008;0,02734375;
37,024;0,02734375;
37,042;0,02734375;
37,058;0,02734375;
37,071;0,02734375;
37,087;0,02734375;
37,103;0,02734375;
37,119;0,02734375;
37,136;0,02734375;
37,152;0,02734375;
37,168;0,02734375;
37,182;0,02734375;
37,203;0,02734375;
37,231;0,02734375;
37,246;0,02734375;
37,262;0,02734375;
37,275;0,02734375;
37,292;0,02734375;
37,308;0,02734375;
37,323;0,02734375;
37,343;0,02734375;
37,371;0,02734375;
37,386;0,02734375;
37,404;0,02734375;
37,433;0,02734375;
37,448;0,02734375;
37,465;0,02734375;
37,477;0,02734375;
37,495;0,02734375;
37,51;0,02734375;
37,526;0,02734375;
37,541;0,02734375;
37,558;0,02734375;
37,575;0,02734375;
37,588;0,02734375;
37,604;0,02734375;
37,618;0,02734375;
37,635;0,02734375;
37,65;0,02734375;
37,665;0,02734375;
37,681;0,02734375;
37,701;0,02734375;
37,728;0,02734375;
37,744;0,02734375;
37,757;0,02734375;
37,774;0,02734375;
37,792;0,02734375;
37,804;0,02734375;
37,821;0,02734375;
37,836;0,02734375;
37,852;0,02734375;
37,868;0,02734375;
37,885;0,02734375;
37,9;0,02734375;
37,915;0,02734375;
37,937;0,02734375;
37,963;0,029296875;
37,99;0,03515625;
38,007;0,03515625;
38,022;0,03515625;
38,038;0,03515625;
38,055;0,03515625;
38,07;0,03515625;
38,085;0,033203125;
38,102;0,03125;
38,117;0,029296875;
38,132;0,029296875;
38,149;0,029296875;
38,162;0,029296875;
38,178;0,029296875;
38,196;0,029296875;
38,21;0,029296875;
38,226;0,029296875;
38,241;0,029296875;
38,257;0,029296875;
38,271;0,029296875;
38,287;0,029296875;
38,302;0,029296875;
38,316;0,029296875;
38,335;0,03515625;
38,348;0,03515625;
38,366;0,03515625;
38,381;0,03515625;
38,402;0,0390625;
38,426;0,04296875;
38,44;0,04296875;
38,459;0,04296875;
38,473;0,04296875;
38,488;0,04296875;
38,503;0,04296875;
38,519;0,04296875;
38,535;0,04296875;
38,549;0,04296875;
38,565;0,04296875;
38,58;0,04296875;
38,596;0,04296875;
38,612;0,04296875;
38,627;0,04296875;
38,642;0,04296875;
38,656;0,04296875;
38,671;0,0390625;
38,688;0,037109375;
38,704;0,037109375;
38,723;0,037109375;
38,751;0,037109375;
38,766;0,037109375;
38,782;0,037109375;
38,798;0,037109375;
38,813;0,037109375;
38,831;0,037109375;
38,844;0,037109375;
38,861;0,037109375;
38,877;0,037109375;
38,89;0,037109375;
38,905;0,037109375;
38,925;0,037109375;
38,938;0,037109375;
38,952;0,037109375;
38,971;0,037109375;
38,983;0,037109375;
38,999;0,037109375;
39,019;0,037109375;
39,046;0,037109375;
39,062;0,037109375;
39,078;0,037109375;
39,093;0,037109375;
39,108;0,037109375;
39,125;0,037109375;
39,139;0,03125;
39,158;0,029296875;
39,184;0,029296875;
39,203;0,021484375;
39,218;0,01953125;
39,231;0,01953125;
39,248;0,015625;
39,265;0,01171875;
39,278;0,01171875;
39,294;0,01171875;
39,31;0,01171875;
39,325;0,0078125;
39,341;0,00390625;
39,357;0,00390625;
39,371;0,00390625;
39,388;0,00390625;
39,403;0,00390625;
39,419;0,00390625;
39,432;-0,001953125;
39,448;0,001953125;
39,463;0,001953125;
39,48;0,001953125;
39,495;0,001953125;
39,51;0,001953125;
39,525;0,001953125;
39,542;0,001953125;
39,557;0,001953125;
39,572;0,001953125;
39,586;0,001953125;
39,604;0,001953125;
39,619;0,001953125;
39,635;0,001953125;
39,649;0,001953125;
39,668;0,001953125;
39,68;0,001953125;
39,696;0,001953125;
39,711;0,001953125;
39,728;0,001953125;
39,743;0,001953125;
39,759;0,001953125;
39,778;0,001953125;
39,809;0,001953125;
39,836;0,001953125;
39,851;0,001953125;
39,865;0,001953125;
39,881;0,001953125;
39,896;0,001953125;
39,912;0,001953125;
39,928;0,001953125;
39,944;0,001953125;
39,96;0,001953125;
39,973;0,001953125;
39,991;0,001953125;
40,005;0,001953125;
40,02;0,001953125;
40,035;0,001953125;
40,049;0,001953125;
40,068;0,001953125;
40,082;0,001953125;
40,097;0,001953125;
40,114;0,001953125;
40,129;0,001953125;
40,145;0,001953125;
40,158;0,001953125;
40,174;0,001953125;
40,191;0,001953125;
40,205;0,001953125;
40,223;0,001953125;
40,238;0,001953125;
40,255;0,001953125;
40,27;0,001953125;
40,285;0,001953125;
40,301;0,001953125;
40,315;0,001953125;
40,33;0,001953125;
40,348;0,001953125;
40,363;0,001953125;
40,378;0,001953125;
40,394;0,001953125;
40,408;0,001953125;
40,424;0,001953125;
40,439;0,001953125;
40,457;0,001953125;
40,477;0,001953125;
40,503;0,001953125;
40,519;0,001953125;
40,534;0,001953125;
40,55;0,001953125;
40,566;0,001953125;
40,58;0,001953125;
40,595;0,001953125;
40,61;0,001953125;
40,626;0,001953125;
40,643;0,001953125;
40,658;0,001953125;
40,673;0,001953125;
40,688;0,001953125;
40,703;0,001953125;
40,722;0,001953125;
40,736;0,001953125;
40,751;0,001953125;
40,769;0,001953125;
40,784;0,001953125;
40,799;0,001953125;
40,815;0,001953125;
40,828;0,001953125;
40,844;0,001953125;
40,86;0,001953125;
40,874;0,001953125;
40,89;0,001953125;
40,906;0,001953125;
40,925;0,001953125;
40,939;0,001953125;
40,953;0,001953125;
40,969;0,001953125;
40,985;0,001953125;
41;0,001953125;
41,016;0,001953125;
41,033;0,001953125;
41,048;0,001953125;
41,062;0,001953125;
41,083;0,001953125;
41,112;0,001953125;
41,126;0,001953125;
41,142;0,001953125;
41,157;0,001953125;
41,172;0,001953125;
41,188;0,001953125;
41,204;0,001953125;
41,217;0,001953125;
41,234;0,0078125;
41,25;0,0078125;
41,265;0,009765625;
41,282;0,009765625;
41,297;0,009765625;
41,311;0,009765625;
41,329;0,009765625;
41,344;0,009765625;
41,358;0,009765625;
41,374;0,009765625;
41,392;0,009765625;
41,406;0,009765625;
41,422;0,009765625;
41,439;0,009765625;
41,453;0,009765625;
41,469;0,009765625;
41,484;0,009765625;
41,501;0,009765625;
41,526;0,009765625;
41,541;0,009765625;
41,557;0,009765625;
41,572;0,009765625;
41,587;0,009765625;
41,604;0,009765625;
41,618;0,009765625;
41,635;0,009765625;
41,65;0,015625;
41,665;0,01171875;
41,679;0,01171875;
41,696;0,015625;
41,712;0,01171875;
41,726;0,01171875;
41,742;0,01171875;
41,758;0,01171875;
41,775;0,01171875;
41,79;0,015625;
41,806;0,01171875;
41,821;0,015625;
41,834;0,015625;
41,851;0,017578125;
41,867;0,017578125;
41,882;0,017578125;
41,899;0,017578125;
41,913;0,017578125;
41,929;0,017578125;
41,946;0,01171875;
41,965;0,017578125;
41,992;0,017578125;
42,006;0,017578125;
42,021;0,017578125;
42,035;0,017578125;
42,051;0,017578125;
42,067;0,017578125;
42,084;0,017578125;
42,099;0,017578125;
42,114;0,017578125;
42,129;0,017578125;
42,144;0,017578125;
42,162;0,017578125;
42,175;0,017578125;
42,191;0,017578125;
42,214;0,017578125;
42,238;0,017578125;
42,254;0,017578125;
42,268;0,017578125;
42,282;0,017578125;
42,299;0,017578125;
42,315;0,017578125;
42,33;0,017578125;
42,347;0,017578125;
42,362;0,017578125;
42,376;0,017578125;
42,397;0,017578125;
42,423;0,017578125;
42,439;0,017578125;
42,455;0,017578125;
42,47;0,017578125;
42,485;0,017578125;
42,5;0,017578125;
42,516;0,017578125;
42,535;0,017578125;
42,548;0,017578125;
42,567;0,017578125;
42,602;0,015625;
42,627;0,01171875;
42,641;0,01171875;
42,657;0,01171875;
42,672;0,01171875;
42,687;0,01171875;
42,709;0,005859375;
42,737;0,00390625;
42,756;0,00390625;
42,782;0,00390625;
42,797;0,00390625;
42,813;0,00390625;
42,829;0,00390625;
42,845;0,00390625;
42,861;0,00390625;
42,877;0,00390625;
42,895;0,00390625;
42,909;0,00390625;
42,923;0,00390625;
42,938;0,00390625;
42,953;0,00390625;
42,971;0,00390625;
42,986;0,00390625;
43,001;0,00390625;
43,015;0,00390625;
43,032;0,00390625;
43,051;0,00390625;
43,085;0,00390625;
43,108;0,00390625;
43,124;0,00390625;
43,142;0,00390625;
43,155;0,00390625;
43,172;0,00390625;
43,187;0,00390625;
43,2;0,00390625;
43,217;0,00390625;
43,232;0,00390625;
43,249;0,00390625;
43,264;0,00390625;
43,281;0,00390625;
43,295;0,00390625;
43,312;0,00390625;
43,328;0,00390625;
43,343;0,00390625;
43,357;0,00390625;
43,373;0,00390625;
43,387;0,00390625;
43,404;0,00390625;
43,42;0,00390625;
43,436;0,00390625;
43,449;0,00390625;
43,465;0,00390625;
43,482;0,00390625;
43,496;0,00390625;
43,512;0,00390625;
43,527;0,00390625;
43,544;0,00390625;
43,564;0,00390625;
43,59;0,00390625;
43,607;0,00390625;
43,624;0,00390625;
43,638;0,00390625;
43,655;0,00390625;
43,67;0,00390625;
43,687;0,00390625;
43,715;0,00390625;
43,73;0,00390625;
43,747;0,00390625;
43,761;0,00390625;
43,776;0,00390625;
43,792;0,00390625;
43,813;0,00390625;
43,84;0,00390625;
43,856;0,00390625;
43,873;0,00390625;
43,886;0,00390625;
43,904;0,00390625;
43,918;0,00390625;
43,936;0,00390625;
43,953;0,00390625;
43,972;0,00390625;
43,999;0,00390625;
44,013;0,00390625;
44,028;0,00390625;
44,044;0,00390625;
44,059;0,00390625;
44,074;0,00390625;
44,092;0,00390625;
44,105;0,00390625;
44,121;0,00390625;
44,138;0,00390625;
44,152;0,00390625;
44,172;0,00390625;
44,2;0,00390625;
44,216;0,00390625;
44,231;0,00390625;
44,246;0,00390625;
44,262;0,00390625;
44,276;0,00390625;
44,294;0,00390625;
44,308;0,00390625;
44,324;0,00390625;
44,343;0,00390625;
44,371;0,00390625;
44,386;0,00390625;
44,402;0,00390625;
44,419;0,00390625;
44,434;0,00390625;
44,448;0,00390625;
44,465;0,00390625;
44,481;0,00390625;
44,501;0,00390625;
44,527;0,00390625;
44,542;0,00390625;
44,558;0,00390625;
44,573;0,00390625;
44,588;0,00390625;
44,603;0,00390625;
44,62;0,00390625;
44,637;0,00390625;
44,653;0,00390625;
44,667;0,00390625;
44,684;0,00390625;
44,7;0,00390625;
44,714;0,00390625;
44,731;0,00390625;
44,748;0,00390625;
44,762;0,00390625;
44,779;0,00390625;
44,796;0,00390625;
44,812;0,00390625;
44,84;0,00390625;
44,854;0,00390625;
44,87;0,00390625;
44,885;0,00390625;
44,902;0,00390625;
44,916;0,00390625;
44,933;0,00390625;
44,948;0,00390625;
44,965;0,00390625;
44,979;0,00390625;
44,994;0,00390625;
45,011;0,00390625;
45,026;0,00390625;
45,042;0,00390625;
45,057;0,00390625;
45,072;0,00390625;
45,088;0,00390625;
45,102;0,00390625;
45,119;0,00390625;
45,135;0,00390625;
45,15;0,00390625;
45,166;0,00390625;
45,183;0,00390625;
45,197;0,00390625;
45,214;0,00390625;
45,227;0,00390625;
45,25;0,00390625;
45,277;0,00390625;
45,293;0,00390625;
45,306;0,00390625;
45,323;0,00390625;
45,338;0,00390625;
45,352;0,00390625;
45,368;0,00390625;
45,383;0,00390625;
45,4;0,00390625;
45,416;0,00390625;
45,431;0,00390625;
45,447;0,00390625;
45,46;0,00390625;
45,477;0,00390625;
45,491;0,00390625;
45,509;0,00390625;
45,523;0,00390625;
45,537;0,00390625;
45,553;0,00390625;
45,569;0,00390625;
45,585;0,00390625;
45,602;0,00390625;
45,614;0,00390625;
45,633;0,00390625;
45,646;0,00390625;
45,661;0,00390625;
45,678;0,00390625;
45,693;0,00390625;
45,711;0,00390625;
45,725;0,00390625;
45,741;0,00390625;
45,756;0,00390625;
45,77;0,00390625;
45,786;0,00390625;
45,802;0,00390625;
45,818;0,00390625;
45,836;0,00390625;
45,849;0,00390625;
45,865;0,00390625;
45,882;0,00390625;
45,896;0,00390625;
45,911;0,00390625;
45,926;0,00390625;
45,943;0,00390625;
45,959;0,00390625;
45,981;0,00390625;
46,006;0,00390625;
46,02;0,00390625;
46,035;0,00390625;
46,051;0,00390625;
46,066;0,00390625;
46,082;0,00390625;
46,098;0,00390625;
46,113;0,00390625;
46,128;0,00390625;
46,143;0,00390625;
46,158;0,00390625;
46,174;0,00390625;
46,193;0,00390625;
46,205;0,00390625;
46,22;0,00390625;
46,236;0,00390625;
46,252;0,00390625;
46,266;0,00390625;
46,283;0,00390625;
46,302;0,00390625;
46,33;0,00390625;
46,343;0,00390625;
46,361;0,00390625;
46,375;0,00390625;
46,39;0,00390625;
46,406;0,00390625;
46,421;0,00390625;
46,437;0,00390625;
46,453;0,00390625;
46,466;0,00390625;
46,485;0,00390625;
46,5;0,00390625;
46,513;0,00390625;
46,53;0,00390625;
46,546;0,00390625;
46,56;0,00390625;
46,576;0,00390625;
46,592;0,00390625;
46,606;0,00390625;
46,623;0,00390625;
46,638;0,00390625;
46,653;0,00390625;
46,67;0,00390625;
46,684;0,00390625;
46,701;0,00390625;
46,716;0,00390625;
46,731;0,00390625;
46,747;0,00390625;
46,762;0,00390625;
46,779;0,00390625;
46,795;0,00390625;
46,81;0,00390625;
46,825;0,00390625;
46,841;0,00390625;
46,856;0,00390625;
46,872;0,00390625;
46,889;0,00390625;
46,903;0,00390625;
46,919;0,00390625;
46,934;0,00390625;
46,95;0,00390625;
46,967;0,00390625;
46,983;0,00390625;
46,997;0,00390625;
47,015;0,00390625;
47,028;0,00390625;
47,043;0,00390625;
47,059;0,00390625;
47,073;0,00390625;
47,088;0,00390625;
47,106;0,00390625;
47,122;0,00390625;
47,136;0,00390625;
47,152;0,00390625;
47,168;0,00390625;
47,183;0,00390625;
47,202;0,00390625;
47,232;0,00390625;
47,248;0,00390625;
47,276;0,00390625;
47,29;0,00390625;
47,304;0,00390625;
47,32;0,00390625;
47,339;0,00390625;
47,354;0,00390625;
47,367;0,00390625;
47,384;0,00390625;
47,4;0,00390625;
47,416;0,00390625;
47,432;0,00390625;
47,448;0,00390625;
47,463;0,00390625;
47,476;0,00390625;
47,491;0,00390625;
47,507;0,00390625;
47,522;0,00390625;
47,537;0,00390625;
47,553;0,00390625;
47,57;0,00390625;
47,584;0,00390625;
47,6;0,00390625;
47,616;0,00390625;
47,631;0,00390625;
