Start Time;08/05/2026 15:09:27

Time(s);COM5 - PPS Sensor (N);(Selected Full Scale Range: 1N)
0;1;
0;1;
0,027;1;
0,041;1;
0,058;1;
0,074;1;
0,09;1;
0,105;1;
0,12;1;
0,136;1;
0,151;1;
0,166;1;
0,183;1;
0,198;1;
0,214;1;
0,23;1;
0,245;1;
0,26;1;
0,283;1;
0,308;1;
0,324;1;
0,342;1;
0,374;1;
0,399;1;
0,418;1;
0,433;1;
0,447;1;
0,471;1;
0,494;1;
0,515;1;
0,54;1;
0,558;1;
0,574;1;
0,595;1;
0,625;1;
0,652;-1;
0,668;1;
0,684;-2;
0,703;-2;
0,736;-2;
0,76;-2;
0,778;0;
0,807;1;
0,821;-1;
0,84;1;
0,861;1;
0,887;1;
0,906;1;
0,93;-1;
0,945;0;
0,966;0;
0,998;1;
1,025;1;
1,042;1;
1,058;-3;
1,074;-1;
1,089;1;
1,105;1;
1,119;1;
1,133;1;
1,149;1;
1,166;1;
1,183;1;
1,197;1;
1,215;1;
1,229;1;
1,244;1;
1,26;0;
1,275;1;
1,312;1;
1,338;0;
1,355;-3;
1,371;0;
1,388;1;
1,418;-1;
1,433;-2;
1,446;1;
1,462;-1;
1,477;-3;
1,496;-3;
1,509;-2;
1,528;-2;
1,555;-3;
1,575;-3;
1,588;-1;
1,602;-3;
1,625;-3;
1,656;-3;
1,681;-3;
1,697;-3;
1,712;-3;
1,732;-3;
1,764;-3;
1,798;-3;
1,823;-3;
1,836;-3;
1,856;-3;
1,868;-3;
1,888;-3;
1,917;-3;
1,934;-3;
1,962;-3;
1,975;-3;
1,991;-3;
2,009;-3;
2,026;-3;
2,041;-3;
2,054;-3;
2,07;-3;
2,085;-3;
2,101;-3;
2,119;-3;
2,132;-3;
2,147;-3;
2,17;-1;
2,194;-2;
2,214;-3;
2,227;-3;
2,241;-3;
2,257;-3;
2,273;-3;
2,294;-3;
2,32;-3;
2,336;-3;
2,353;-3;
2,383;-3;
2,396;-3;
2,418;-3;
2,446;-3;
2,464;-3;
2,489;-1;
2,505;-3;
2,522;-3;
2,537;-2;
2,552;-3;
2,568;-3;
2,583;-3;
2,6;-3;
2,616;-3;
2,631;-3;
2,653;-3;
2,678;-3;
2,698;-3;
2,725;-3;
2,739;-2;
2,755;-3;
2,77;-3;
2,787;-3;
2,802;-2;
2,816;-3;
2,834;-3;
2,849;-3;
2,866;-3;
2,882;-3;
2,897;-3;
2,911;-3;
2,927;-3;
2,942;-3;
2,959;-3;
2,975;-1;
2,99;-2;
3,006;-3;
3,021;-3;
3,039;-3;
3,055;-3;
3,086;-3;
3,115;-3;
3,13;-3;
3,155;-2;
3,178;-3;
3,194;0;
3,208;-3;
3,223;-1;
3,243;-3;
3,269;-3;
3,284;-3;
3,301;-1;
3,315;-3;
3,33;-3;
3,346;-3;
3,362;-3;
3,377;-1;
3,391;-3;
3,407;-3;
3,423;-1;
3,439;-2;
3,454;-3;
3,468;-1;
3,488;-3;
3,518;-3;
3,531;-3;
3,55;-3;
3,578;-3;
3,597;0;
3,623;-3;
3,637;-2;
3,66;-1;
3,684;-3;
3,703;-1;
3,715;0;
3,732;-1;
3,746;0;
3,763;1;
3,787;0;
3,808;0;
3,823;1;
3,84;1;
3,86;1;
3,891;-3;
3,917;-3;
3,931;-1;
3,946;0;
3,962;1;
3,981;0;
4,01;1;
4,025;0;
4,04;-1;
4,056;-3;
4,071;-3;
4,087;0;
4,118;-3;
4,13;-3;
4,152;-3;
4,18;-1;
4,201;-3;
4,223;-3;
4,24;-3;
4,257;-3;
4,288;-2;
4,304;-3;
4,316;-2;
4,335;-2;
4,35;-3;
4,366;-1;
4,396;1;
4,41;1;
4,427;1;
4,441;-2;
4,457;0;
4,474;-1;
4,491;0;
4,519;-1;
4,535;0;
4,552;-3;
4,571;-1;
4,599;1;
4,616;1;
4,644;-1;
4,659;0;
4,677;1;
4,712;-2;
4,738;1;
4,752;1;
4,766;1;
4,783;1;
4,797;1;
4,816;0;
4,833;0;
4,862;-1;
4,878;-3;
4,894;-3;
4,909;-3;
4,927;-3;
4,956;-3;
4,968;-1;
4,988;-3;
5,001;-3;
5,017;-3;
5,037;-3;
5,063;-3;
5,077;-1;
5,099;-3;
5,127;-3;
5,14;-1;
5,156;1;
5,17;-2;
5,185;-3;
5,203;0;
5,221;-2;
5,249;1;
5,27;-1;
5,303;1;
5,33;-3;
5,36;-3;
5,388;0;
5,405;1;
5,421;1;
5,435;1;
5,45;0;
5,466;1;
5,481;1;
5,497;-1;
5,512;0;
5,527;-3;
5,542;-1;
5,564;-2;
5,589;-2;
5,608;-2;
5,637;-3;
5,652;-1;
5,666;-3;
5,686;0;
5,715;1;
5,73;-1;
5,746;-3;
5,762;-1;
5,779;-3;
5,797;0;
5,829;-3;
5,862;1;
5,887;-1;
5,901;1;
5,919;1;
5,934;1;
5,951;0;
5,966;1;
5,981;1;
5,997;1;
6,011;1;
6,026;1;
6,042;1;
0;0,001953125;
0;0,001953125;
0,014;-0,001953125;
0,029;0,001953125;
0,046;0;
0,061;0,001953125;
0,078;0,001953125;
0,091;0,001953125;
0,11;0,001953125;
0,141;0,001953125;
0,157;0,001953125;
0,184;0,001953125;
0,2;0,001953125;
0,219;0,001953125;
0,249;0,001953125;
0,263;0,001953125;
0,275;0,001953125;
0,291;0,001953125;
0,307;0,001953125;
0,322;0,001953125;
0,337;0,001953125;
0,355;0,001953125;
0,374;0,001953125;
0,404;0,001953125;
0,419;0,001953125;
0,437;0,001953125;
0,465;0,001953125;
0,485;0,001953125;
0,509;0,001953125;
0,535;0,001953125;
0,556;0,001953125;
0,57;0,001953125;
0,586;0,001953125;
0,602;0,001953125;
0,619;0,001953125;
0,632;0,001953125;
0,657;0,001953125;
0,681;0,001953125;
0,697;0,001953125;
0,714;0,001953125;
0,744;0,001953125;
0,759;0,001953125;
0,775;0,001953125;
0,792;0,001953125;
0,825;0,001953125;
0,858;0,001953125;
0,888;0,001953125;
0,913;0,001953125;
0,933;0,001953125;
0,963;0,001953125;
0,994;0,001953125;
1,023;0,001953125;
1,036;0,001953125;
1,057;0,001953125;
1,088;0,001953125;
1,116;0,001953125;
1,131;0,001953125;
1,153;0,001953125;
1,177;0,001953125;
1,19;0,001953125;
1,209;0,001953125;
1,222;0,001953125;
1,241;0,001953125;
1,274;0,001953125;
1,303;0,001953125;
1,316;0,001953125;
1,336;0,001953125;
1,363;0,001953125;
1,381;0,001953125;
1,414;0,001953125;
1,442;0,001953125;
1,455;0,001953125;
1,474;0,001953125;
1,501;0,001953125;
1,524;0,001953125;
1,552;0,001953125;
1,565;0,001953125;
1,58;0,001953125;
1,596;0,001953125;
1,61;0,001953125;
1,626;0,001953125;
1,643;0,001953125;
1,658;0,001953125;
1,674;0,001953125;
1,689;0,001953125;
1,705;0,001953125;
1,723;0,001953125;
1,755;0,001953125;
1,784;0,001953125;
1,798;0,001953125;
1,816;0,001953125;
1,828;0,001953125;
1,852;0,001953125;
1,88;0,001953125;
1,914;0,001953125;
1,938;0,001953125;
1,954;0,001953125;
1,967;0,001953125;
1,986;0,001953125;
1,998;0,001953125;
2,016;0,001953125;
2,03;0,001953125;
2,045;-0,001953125;
2,062;0,001953125;
2,082;0,001953125;
2,107;0,001953125;
2,125;0,001953125;
2,138;0,001953125;
2,152;0,001953125;
2,169;0,001953125;
2,185;-0,001953125;
2,2;0,001953125;
2,216;0,001953125;
2,23;0,001953125;
2,25;0,001953125;
2,277;0,001953125;
2,296;0,001953125;
2,33;0,001953125;
2,355;0,001953125;
2,374;0,001953125;
2,399;0,001953125;
2,419;0,001953125;
2,449;0,001953125;
2,462;0,001953125;
2,481;0,001953125;
2,51;0,001953125;
2,528;0,001953125;
2,561;0,001953125;
2,587;0,001953125;
2,602;0;
2,615;0,001953125;
2,641;0,001953125;
2,665;0,001953125;
2,681;0,001953125;
2,715;0,001953125;
2,742;0,001953125;
2,758;0,001953125;
2,771;0,001953125;
2,794;0,001953125;
2,819;0,001953125;
2,835;0,001953125;
2,856;0,001953125;
2,885;0,001953125;
2,913;0,001953125;
2,929;0,001953125;
2,946;0,001953125;
2,976;0,001953125;
2,993;0,001953125;
3,022;0,001953125;
3,037;0,001953125;
3,05;0,001953125;
3,066;0,001953125;
3,08;0,001953125;
3,097;0,001953125;
3,114;0,001953125;
3,127;0;
3,143;0,001953125;
3,16;0,001953125;
3,183;0,001953125;
3,209;0,001953125;
3,239;0,001953125;
3,256;0,001953125;
3,282;0,001953125;
3,299;0,001953125;
3,313;0,001953125;
3,328;0,001953125;
3,344;0,001953125;
3,364;0,001953125;
3,394;0,001953125;
3,407;0,001953125;
3,421;0,001953125;
3,44;0,001953125;
3,455;0,001953125;
3,471;0,001953125;
3,49;0,001953125;
3,523;0,001953125;
3,546;0,001953125;
3,562;0,001953125;
3,578;0,001953125;
3,594;-0,001953125;
3,61;0,001953125;
3,623;0,001953125;
3,639;0,001953125;
3,655;0,001953125;
3,669;0,001953125;
3,689;0,001953125;
3,718;0,001953125;
3,733;0,001953125;
3,749;0,001953125;
3,763;0,001953125;
3,777;0,001953125;
3,793;0,001953125;
3,807;0,001953125;
3,823;0,001953125;
3,84;0,001953125;
3,855;0,001953125;
3,87;-0,001953125;
3,886;0,001953125;
3,902;0,001953125;
3,918;-0,001953125;
3,949;0,001953125;
3,977;0,001953125;
3,994;-0,001953125;
4,007;0,001953125;
4,026;0,001953125;
4,054;-0,001953125;
4,07;0,001953125;
4,088;0,001953125;
4,102;0,001953125;
4,119;-0,001953125;
4,135;0;
4,148;-0,005859375;
4,166;0;
4,181;0,001953125;
4,196;0,001953125;
4,211;0,001953125;
4,228;0,001953125;
4,242;0,001953125;
4,257;0,001953125;
4,272;0;
4,286;0,001953125;
4,311;-0,001953125;
4,331;0,001953125;
4,351;0,001953125;
4,38;-0,00390625;
4,399;0;
4,429;0,001953125;
4,458;-0,001953125;
4,472;0,001953125;
4,486;-0,00390625;
4,511;-0,005859375;
4,535;-0,001953125;
4,549;0,001953125;
4,564;-0,00390625;
4,583;0,001953125;
4,61;-0,001953125;
4,625;-0,00390625;
4,645;-0,005859375;
4,672;-0,00390625;
4,691;-0,00390625;
4,724;0,001953125;
4,749;0,001953125;
4,765;0,001953125;
4,785;0;
4,814;0,001953125;
4,828;0,001953125;
4,847;0,001953125;
4,874;0;
4,892;0,001953125;
4,921;0,001953125;
4,936;0,001953125;
4,951;0,001953125;
4,967;0,001953125;
4,985;0,001953125;
5,016;0,001953125;
5,048;0,001953125;
5,074;0,001953125;
5,097;0,001953125;
5,122;0,001953125;
5,138;0,001953125;
5,153;0,001953125;
5,167;0,001953125;
5,182;-0,001953125;
5,199;0,001953125;
5,216;0,001953125;
5,23;0,001953125;
5,248;0;
5,26;0;
5,282;-0,00390625;
5,311;0,001953125;
5,339;-0,001953125;
5,355;0,001953125;
5,372;0,001953125;
5,384;0,001953125;
5,402;0,001953125;
5,417;0,001953125;
5,435;0,001953125;
5,451;0,001953125;
5,464;-0,001953125;
5,48;0,001953125;
5,493;-0,001953125;
5,52;0,001953125;
5,542;0,001953125;
5,559;0,001953125;
5,576;0,001953125;
5,607;0,001953125;
5,621;0,001953125;
5,638;0;
5,654;0,001953125;
5,667;0,001953125;
5,686;0,001953125;
5,713;0;
5,727;0,001953125;
5,749;0,001953125;
5,78;0,001953125;
5,806;0,001953125;
5,823;0,001953125;
5,844;0,001953125;
5,868;0,001953125;
5,883;-0,001953125;
5,898;0,001953125;
5,914;-0,00390625;
5,931;0,001953125;
5,946;0,001953125;
5,959;0,001953125;
5,976;0,001953125;
5,99;0,001953125;
6,006;0,001953125;
6,022;0,001953125;
6,036;0,001953125;
6,056;0,001953125;
6,086;0,001953125;
6,115;0,001953125;
6,131;0,001953125;
6,153;0,001953125;
6,179;0,001953125;
6,192;0,001953125;
6,211;0,001953125;
6,239;0,001953125;
6,257;0,001953125;
6,288;0,001953125;
6,316;0,001953125;
6,33;0,001953125;
6,344;0,001953125;
6,362;0,001953125;
6,377;0,001953125;
6,393;0,001953125;
6,408;0,001953125;
6,423;0,001953125;
6,441;0,001953125;
6,457;0,001953125;
6,471;0,001953125;
6,487;0,001953125;
6,5;0,001953125;
6,517;0,001953125;
6,535;0,001953125;
6,565;0,001953125;
6,595;0,001953125;
6,608;0,001953125;
6,622;0,001953125;
6,641;0,001953125;
6,655;0,001953125;
6,67;0,001953125;
6,687;0,001953125;
6,706;0,001953125;
6,73;0,001953125;
6,748;0,001953125;
6,762;0,001953125;
6,784;0,001953125;
6,812;0,001953125;
6,826;0,001953125;
6,844;0,001953125;
6,857;0,001953125;
6,872;0,001953125;
6,89;0,001953125;
6,904;0,001953125;
6,918;0,001953125;
6,935;0,001953125;
6,952;0,001953125;
6,985;0,001953125;
7,012;0,001953125;
7,028;0,001953125;
7,041;0,001953125;
7,059;0,001953125;
7,074;0,001953125;
7,089;0,001953125;
7,105;0,001953125;
7,121;0,001953125;
7,135;0,001953125;
7,154;0,001953125;
7,171;0,001953125;
7,201;0,001953125;
7,215;0,001953125;
7,231;0,001953125;
7,246;0,001953125;
7,261;0,001953125;
7,278;0,001953125;
7,293;0,001953125;
7,308;0,001953125;
7,322;0,001953125;
7,346;0,001953125;
7,368;0;
7,388;0,001953125;
7,416;0,001953125;
7,435;0,001953125;
7,463;0,001953125;
7,483;0,001953125;
7,508;0,001953125;
7,525;0,001953125;
7,54;0,001953125;
7,558;0,001953125;
7,571;0,001953125;
7,59;0,001953125;
7,621;0,001953125;
7,649;0,001953125;
7,665;0,001953125;
7,683;0,001953125;
7,71;0,001953125;
7,727;0,001953125;
7,74;0,001953125;
7,761;0,001953125;
7,788;0,001953125;
7,803;0,001953125;
7,82;0,001953125;
7,836;0,001953125;
7,849;0,001953125;
7,867;0,001953125;
7,883;0,001953125;
7,896;0,001953125;
7,915;0,001953125;
7,931;0,001953125;
7,948;0,001953125;
7,975;0,001953125;
7,99;0,001953125;
8,006;0,001953125;
8,025;0,001953125;
8,052;0,001953125;
8,067;0,001953125;
8,086;0,001953125;
8,099;0,001953125;
8,116;0,001953125;
8,133;0,001953125;
8,148;0,001953125;
8,162;0,001953125;
8,176;0,001953125;
8,193;0,001953125;
8,21;0,001953125;
8,225;0,001953125;
8,241;0,001953125;
8,256;0,001953125;
8,276;0,001953125;
8,302;0,001953125;
8,317;0,001953125;
8,334;0,001953125;
8,348;0,001953125;
8,365;0,001953125;
8,381;0,001953125;
8,395;0,001953125;
8,41;0,001953125;
8,428;0;
8,457;0,001953125;
8,473;0,001953125;
8,492;0,001953125;
8,52;0,001953125;
8,535;0,001953125;
8,552;-0,001953125;
8,569;0,001953125;
8,596;0,001953125;
8,611;0,001953125;
8,627;0,001953125;
8,642;0,001953125;
8,659;0,001953125;
8,675;0,001953125;
8,692;0,001953125;
8,705;0,001953125;
8,723;0,001953125;
8,75;0,001953125;
8,769;0,001953125;
8,805;0,001953125;
8,827;0,001953125;
8,843;0,001953125;
8,858;0,001953125;
8,876;0,001953125;
8,895;0,001953125;
8,922;-0,001953125;
8,937;0,001953125;
8,953;0,001953125;
8,967;0,001953125;
8,984;0,001953125;
9;0,001953125;
9,014;0,001953125;
9,03;0,001953125;
9,045;0,001953125;
9,06;0,001953125;
9,077;0,001953125;
9,093;0,001953125;
9,109;0,001953125;
9,125;0,001953125;
9,14;0,001953125;
9,158;0,001953125;
9,187;0,001953125;
9,202;-0,00390625;
9,218;0,001953125;
9,234;0,001953125;
9,247;0,001953125;
9,264;-0,00390625;
9,28;0,001953125;
9,293;0,001953125;
9,312;0,001953125;
9,327;-0,001953125;
9,341;0,001953125;
9,356;-0,001953125;
9,372;0,001953125;
9,392;0,001953125;
9,423;0;
9,449;-0,001953125;
9,464;0;
9,481;0,001953125;
9,498;0;
9,526;0,001953125;
9,541;-0,001953125;
9,557;-0,001953125;
9,573;-0,005859375;
9,59;-0,005859375;
9,618;-0,005859375;
9,638;0;
9,663;-0,001953125;
9,68;0;
9,695;0;
9,712;0;
9,727;0;
9,742;0,001953125;
9,755;0,001953125;
9,774;0,001953125;
9,789;0,001953125;
9,806;0,001953125;
9,821;0,001953125;
9,84;0,001953125;
9,869;0;
9,882;0,001953125;
9,898;0;
9,916;0,001953125;
9,929;0,001953125;
9,948;0,001953125;
9,976;0,001953125;
9,992;0,001953125;
10,008;0,001953125;
10,021;0,001953125;
10,037;0,001953125;
10,054;0,001953125;
10,068;0,001953125;
10,088;0,001953125;
10,118;0,001953125;
10,147;0,001953125;
10,161;-0,001953125;
10,179;0,001953125;
10,195;0,001953125;
10,209;0,001953125;
10,224;0,001953125;
10,241;0,001953125;
10,255;-0,00390625;
10,27;0,001953125;
10,286;0,001953125;
10,303;0;
10,317;0,001953125;
10,334;0,001953125;
10,348;0,001953125;
10,363;-0,001953125;
10,379;-0,00390625;
10,394;-0,005859375;
10,411;-0,001953125;
10,426;-0,001953125;
10,446;-0,001953125;
10,472;0;
10,486;-0,005859375;
10,503;-0,005859375;
10,518;-0,005859375;
10,534;0;
10,551;0;
10,567;0,001953125;
10,586;0,001953125;
10,614;0;
10,629;0,001953125;
10,644;0,001953125;
10,659;0,001953125;
10,674;0,001953125;
10,691;0,001953125;
10,704;0;
10,723;0;
10,752;0,001953125;
10,765;0,001953125;
10,782;0,001953125;
10,798;0;
10,813;0,001953125;
10,829;0,001953125;
10,847;0,001953125;
10,874;-0,001953125;
10,891;0;
10,906;0,001953125;
10,922;0;
10,94;-0,00390625;
10,952;0,001953125;
10,97;0,001953125;
10,986;0,001953125;
10,999;0;
11,018;0,001953125;
11,031;0,001953125;
11,051;0,001953125;
11,082;0,001953125;
11,109;0,001953125;
11,123;0,001953125;
11,14;0,001953125;
11,155;0,001953125;
11,17;0,001953125;
11,19;0,001953125;
11,218;0,001953125;
11,231;0,001953125;
11,247;0,001953125;
11,265;0,001953125;
11,28;0,001953125;
11,296;0,001953125;
11,309;0,001953125;
11,328;0,001953125;
11,358;0,001953125;
11,374;0,001953125;
11,386;0,001953125;
11,402;0,001953125;
11,422;0,001953125;
11,45;0,001953125;
11,464;0,001953125;
11,481;0,001953125;
11,496;0,001953125;
11,514;0,001953125;
11,531;0,001953125;
11,566;0,001953125;
11,588;0,001953125;
11,607;0,001953125;
11,619;0,001953125;
11,636;0,001953125;
11,65;0,001953125;
11,666;0,001953125;
11,683;0,001953125;
11,697;0,001953125;
11,711;0,001953125;
11,727;0,001953125;
11,744;0,001953125;
11,758;0,001953125;
11,774;0,001953125;
11,787;0,001953125;
11,804;0,001953125;
11,819;0,001953125;
11,835;0,001953125;
11,851;0,001953125;
11,865;0,001953125;
11,89;0,001953125;
11,912;0,001953125;
11,929;0,001953125;
11,943;0,001953125;
11,96;0,001953125;
11,977;0,001953125;
11,993;0,001953125;
12,007;0,001953125;
12,022;0,001953125;
12,044;0,001953125;
12,07;0,001953125;
12,086;0,001953125;
12,101;0,001953125;
12,121;0,001953125;
12,149;0,001953125;
12,166;0,001953125;
12,182;0,001953125;
12,198;-0,001953125;
12,211;0,001953125;
12,228;0,001953125;
12,243;-0,001953125;
12,259;0,001953125;
12,275;0,001953125;
12,291;0,001953125;
12,306;0,001953125;
12,325;0,001953125;
12,358;0,001953125;
12,383;0,001953125;
12,401;0,001953125;
12,418;0,001953125;
12,446;0,001953125;
12,464;0,001953125;
12,479;0,001953125;
12,492;0,001953125;
12,506;0,001953125;
12,521;0,001953125;
12,538;0,001953125;
12,553;0,001953125;
12,57;0,001953125;
12,583;0,001953125;
12,601;0,001953125;
12,615;0,001953125;
12,633;0,001953125;
12,647;0,001953125;
12,661;0,001953125;
12,677;0,001953125;
12,694;0,001953125;
12,708;0,001953125;
12,723;0,001953125;
12,74;0,001953125;
12,755;0,001953125;
12,77;0,001953125;
12,789;0,001953125;
12,803;0,001953125;
12,822;0,001953125;
12,853;-0,001953125;
12,88;0,001953125;
12,896;0,001953125;
12,911;0,001953125;
12,928;0,001953125;
12,942;0,001953125;
12,96;0,001953125;
12,977;0,001953125;
12,992;0,001953125;
13,008;0,001953125;
13,022;0,001953125;
13,04;0,001953125;
13,053;0,001953125;
13,07;0,001953125;
13,086;0,001953125;
13,101;0,001953125;
13,117;0,001953125;
13,136;0,001953125;
13,166;0,001953125;
13,194;0,001953125;
13,209;0,001953125;
13,227;0,001953125;
13,243;0,001953125;
13,256;0,001953125;
13,272;0,001953125;
13,288;0,001953125;
13,302;0,001953125;
13,318;0,001953125;
13,335;0,001953125;
13,347;0,001953125;
13,363;0,001953125;
13,379;0,001953125;
13,395;0,001953125;
13,412;0,001953125;
13,442;0,001953125;
13,456;-0,001953125;
13,47;0,001953125;
13,485;0,001953125;
13,501;0,001953125;
13,515;0,001953125;
13,535;0,001953125;
13,562;-0,00390625;
13,579;-0,001953125;
13,595;0;
13,608;-0,001953125;
13,626;0;
13,638;-0,001953125;
13,658;0,001953125;
13,672;0;
13,688;0;
13,702;0,001953125;
13,718;-0,001953125;
13,735;-0,00390625;
13,751;-0,001953125;
13,766;0,001953125;
13,786;0,001953125;
13,81;0,001953125;
13,827;0,001953125;
13,841;0,001953125;
13,857;0;
13,875;-0,00390625;
13,904;-0,005859375;
13,918;0;
13,934;0,001953125;
13,949;0,001953125;
13,97;0,001953125;
13,996;0,001953125;
14,013;0,001953125;
14,025;0,001953125;
14,046;0,001953125;
14,076;0,001953125;
14,089;0,001953125;
14,103;0,001953125;
14,124;0,001953125;
14,15;0,001953125;
14,165;0;
14,187;0,001953125;
14,215;0,001953125;
14,248;0,001953125;
14,274;0,001953125;
14,291;0,001953125;
14,306;0,001953125;
14,322;0,001953125;
14,336;0,001953125;
14,355;0,001953125;
14,383;0,001953125;
14,4;0,001953125;
14,413;0,001953125;
14,433;0,001953125;
14,466;0,001953125;
14,49;0,001953125;
14,506;0,001953125;
14,523;0,001953125;
14,539;0,001953125;
14,553;0,001953125;
14,567;0,001953125;
14,585;0,001953125;
14,603;0,001953125;
14,614;0,001953125;
14,631;0,001953125;
14,645;0,001953125;
14,663;0,001953125;
14,677;0,001953125;
14,692;0,001953125;
14,711;-0,001953125;
14,742;0;
14,754;0,001953125;
14,774;0,001953125;
14,801;0,001953125;
14,819;0,001953125;
14,834;0,001953125;
14,851;0,001953125;
14,866;0,001953125;
14,879;0,001953125;
14,897;0,001953125;
14,917;0,001953125;
14,942;0,001953125;
14,96;0,001953125;
14,976;0,001953125;
14,995;0,001953125;
15,021;0,001953125;
15,036;0;
15,052;0,001953125;
15,069;0,001953125;
15,083;0;
15,099;0,001953125;
15,113;0;
15,129;0;
15,147;0,001953125;
15,16;0,001953125;
15,176;0,001953125;
15,19;0,001953125;
15,208;0,001953125;
15,225;0,001953125;
15,256;0,001953125;
15,272;0,001953125;
15,301;0,001953125;
15,314;0,001953125;
15,332;0,001953125;
15,345;0,001953125;
15,363;-0,001953125;
15,377;0,001953125;
15,394;0,001953125;
15,409;0,001953125;
15,426;-0,001953125;
15,442;0,001953125;
15,462;0,001953125;
15,49;-0,001953125;
15,504;0,001953125;
15,519;-0,00390625;
15,534;0,001953125;
15,551;0,001953125;
15,566;0;
15,581;0,001953125;
15,598;0,001953125;
15,612;0,001953125;
15,626;0,001953125;
15,642;0,001953125;
15,658;0,001953125;
15,676;0,001953125;
15,69;0;
15,708;0,001953125;
15,722;0,001953125;
15,735;0,001953125;
15,754;0,001953125;
15,782;0,001953125;
15,799;0,001953125;
15,812;0,001953125;
15,83;0,001953125;
15,845;0,001953125;
15,866;0,001953125;
15,891;0,001953125;
15,908;0,001953125;
15,925;0,001953125;
15,955;0,001953125;
15,967;0,001953125;
15,987;0,001953125;
16,014;0,001953125;
16,029;-0,001953125;
16,044;-0,00390625;
16,06;-0,001953125;
16,076;0;
16,09;0,001953125;
16,108;-0,001953125;
16,121;0,001953125;
16,138;-0,001953125;
16,154;-0,005859375;
16,168;-0,005859375;
16,183;-0,005859375;
16,198;-0,005859375;
16,214;0;
16,23;-0,00390625;
16,244;-0,005859375;
16,26;-0,005859375;
16,274;-0,001953125;
16,291;0,001953125;
16,306;-0,001953125;
16,32;0,001953125;
16,337;0,001953125;
16,352;0,001953125;
16,369;-0,001953125;
16,384;0,001953125;
16,405;0,001953125;
16,432;-0,001953125;
16,45;0,001953125;
16,478;0,001953125;
16,492;0,001953125;
16,506;0,001953125;
16,523;-0,001953125;
16,537;0,001953125;
16,552;0,001953125;
16,568;0,001953125;
16,583;0,001953125;
16,6;0,001953125;
16,615;0,001953125;
16,63;0,001953125;
16,645;0,001953125;
16,661;0,001953125;
16,677;0,001953125;
16,692;0,001953125;
16,711;0,001953125;
16,739;0,001953125;
16,755;0,001953125;
16,768;0,001953125;
16,785;0,001953125;
16,801;0,001953125;
16,817;0,001953125;
16,835;0,001953125;
16,863;0,001953125;
16,878;0,001953125;
16,892;0,001953125;
16,91;0,001953125;
16,923;0,001953125;
16,943;0,001953125;
16,971;0,001953125;
16,986;0,001953125;
17,002;0,001953125;
17,021;0,001953125;
17,048;0,001953125;
17,064;0,001953125;
17,081;0,001953125;
17,099;0,001953125;
17,126;0,001953125;
17,141;0,001953125;
17,157;0,001953125;
17,173;0,001953125;
17,192;0,001953125;
17,219;0,001953125;
17,236;0,001953125;
17,248;0,001953125;
17,266;0,001953125;
17,28;0,001953125;
17,297;0,001953125;
17,313;0,001953125;
17,328;0,001953125;
17,343;0,001953125;
17,357;0;
17,377;0,001953125;
17,407;0,001953125;
17,435;0,001953125;
17,458;0,001953125;
17,481;0,001953125;
17,496;0,001953125;
17,514;0,001953125;
17,527;0,001953125;
17,544;0,001953125;
17,56;0,001953125;
17,582;0,001953125;
17,607;0,001953125;
17,622;0,001953125;
17,637;0,001953125;
17,656;0,001953125;
17,668;0,001953125;
17,686;0,001953125;
17,7;0,001953125;
17,715;0,001953125;
17,73;0,001953125;
17,746;0,001953125;
17,762;0,001953125;
17,779;0,001953125;
17,794;0,001953125;
17,81;0,001953125;
17,829;0,001953125;
17,857;0,001953125;
17,87;0,001953125;
17,889;0,001953125;
17,902;0,001953125;
17,917;0,001953125;
17,933;0,001953125;
17,947;0,001953125;
17,967;0,001953125;
17,993;0,001953125;
18,01;0,001953125;
18,027;0,001953125;
18,045;0,001953125;
18,072;0,001953125;
18,087;0,001953125;
18,103;0,001953125;
18,117;0,001953125;
18,133;0,001953125;
18,152;0,001953125;
18,165;0,001953125;
18,181;0,001953125;
18,197;0,001953125;
18,212;0,001953125;
18,229;0,001953125;
18,245;0,001953125;
18,26;0,001953125;
18,276;0,001953125;
18,291;0,001953125;
18,307;0,001953125;
18,322;0,001953125;
18,336;0,001953125;
18,356;0,001953125;
18,384;0,001953125;
18,405;0,001953125;
18,437;0,001953125;
18,461;0,001953125;
18,476;0,001953125;
18,493;0,001953125;
18,51;0,001953125;
18,524;0,001953125;
18,54;0,001953125;
18,557;0,001953125;
18,586;0,001953125;
18,6;0,001953125;
18,62;0,001953125;
18,65;0,001953125;
18,668;0,001953125;
18,695;0,001953125;
18,709;0,001953125;
18,726;0,001953125;
18,74;0,001953125;
18,757;0,001953125;
18,772;0,001953125;
18,79;0,001953125;
18,806;0,001953125;
18,821;0,001953125;
18,84;0,001953125;
18,865;0,001953125;
18,882;0,001953125;
18,896;0,001953125;
18,912;0,001953125;
18,929;0,001953125;
18,946;0,001953125;
18,963;0,001953125;
18,979;0,001953125;
19,006;0,001953125;
19,023;0,001953125;
19,037;0,001953125;
19,051;0,001953125;
19,068;0,001953125;
19,084;0,001953125;
19,099;0,001953125;
19,113;0,001953125;
19,131;0,001953125;
19,145;0,001953125;
19,161;0,001953125;
19,176;0,001953125;
19,195;0,001953125;
19,222;0,001953125;
19,238;0,001953125;
19,256;0,001953125;
19,285;0,001953125;
19,303;0,001953125;
19,331;0,001953125;
19,348;0,001953125;
19,362;0,001953125;
19,378;0,001953125;
19,394;0,001953125;
19,413;0,001953125;
19,44;0,001953125;
19,459;0,001953125;
19,473;0,001953125;
19,492;0,001953125;
19,52;0,001953125;
19,536;0,001953125;
19,556;0,001953125;
19,587;0,001953125;
19,613;0,001953125;
19,627;0,001953125;
19,642;0,001953125;
19,66;0,001953125;
19,687;0,001953125;
19,703;0,001953125;
19,721;0,001953125;
19,734;0,001953125;
19,753;0,001953125;
19,767;0,001953125;
19,787;0,001953125;
19,817;0,001953125;
19,845;0,001953125;
19,858;0,001953125;
19,874;0,001953125;
19,89;0,001953125;
19,907;0,001953125;
19,921;0,001953125;
19,938;0,001953125;
19,953;0,001953125;
19,967;0,001953125;
19,986;0,001953125;
19,999;0,001953125;
20,015;0,001953125;
20,031;0,001953125;
20,046;0,001953125;
20,061;0,001953125;
20,075;0,001953125;
20,092;0,001953125;
20,108;0,001953125;
20,121;0;
20,139;0,001953125;
20,151;0,001953125;
20,169;0,001953125;
20,183;0,001953125;
20,199;0,001953125;
20,215;0,001953125;
20,23;0,001953125;
20,244;0,001953125;
20,261;0;
20,274;0;
20,294;-0,00390625;
20,305;-0,005859375;
20,322;-0,00390625;
20,339;-0,005859375;
20,353;-0,005859375;
20,368;-0,001953125;
20,384;-0,001953125;
20,401;-0,00390625;
20,414;-0,005859375;
20,431;-0,005859375;
20,448;-0,005859375;
20,464;-0,001953125;
20,479;0,001953125;
20,496;0,001953125;
20,51;-0,00390625;
20,525;-0,005859375;
20,54;0;
20,556;0,001953125;
20,571;0,001953125;
20,587;0,001953125;
20,602;0,001953125;
20,622;0;
20,65;0,001953125;
20,664;0,001953125;
20,68;0,001953125;
20,693;0,001953125;
20,712;0,001953125;
20,727;0,001953125;
20,742;-0,00390625;
20,757;-0,005859375;
20,773;-0,001953125;
20,788;-0,001953125;
20,806;0;
20,82;-0,001953125;
20,833;-0,001953125;
20,852;0,001953125;
20,869;0,001953125;
20,897;0,001953125;
20,912;0,001953125;
20,927;0,001953125;
20,947;0,001953125;
20,975;0,001953125;
20,99;0,001953125;
21,003;0,001953125;
21,019;0,001953125;
21,036;0,001953125;
21,049;0,001953125;
21,067;0,001953125;
21,08;0,001953125;
21,099;0,001953125;
21,115;0,001953125;
21,131;0,001953125;
21,147;0,001953125;
21,161;0,001953125;
21,179;0,001953125;
21,21;0,001953125;
21,238;0,001953125;
21,254;0,001953125;
21,27;0,001953125;
21,286;0,001953125;
21,3;0,001953125;
21,315;-0,001953125;
21,334;0,001953125;
21,363;0,001953125;
21,378;0,001953125;
21,394;0,001953125;
21,41;0,001953125;
21,426;0;
21,443;0,001953125;
21,458;0,001953125;
21,472;0,001953125;
21,49;0,001953125;
21,503;0,001953125;
21,519;0;
21,535;-0,001953125;
21,548;0,001953125;
21,566;-0,00390625;
21,581;0,001953125;
21,595;0,001953125;
21,612;0,001953125;
21,626;0,001953125;
21,645;0,001953125;
21,673;0;
21,691;0,001953125;
21,702;0,001953125;
21,719;0,001953125;
21,736;0,001953125;
21,75;0,001953125;
21,766;0,001953125;
21,779;0,001953125;
21,796;0,001953125;
21,814;0,001953125;
21,83;0,001953125;
21,842;0,001953125;
21,858;0,001953125;
21,874;0,001953125;
21,891;0,001953125;
21,905;0,001953125;
21,922;0,001953125;
21,934;0,001953125;
21,951;0,001953125;
21,966;0,001953125;
21,981;0,001953125;
21,995;0,001953125;
22,014;0,001953125;
22,027;0,001953125;
22,043;0;
22,058;0,001953125;
22,075;0,001953125;
22,091;0,001953125;
22,107;0;
22,123;0;
22,137;0,001953125;
22,155;0,001953125;
22,183;0,001953125;
22,197;0,001953125;
22,215;0,001953125;
22,231;0,001953125;
22,245;0,001953125;
22,262;0,001953125;
22,276;0,001953125;
22,292;0,001953125;
22,306;0,001953125;
22,322;0,001953125;
22,339;0,001953125;
22,354;0,001953125;
22,37;0,001953125;
22,386;0,001953125;
22,4;0,001953125;
22,422;0,001953125;
22,446;0,001953125;
22,463;0,001953125;
22,478;0,001953125;
22,495;0,001953125;
22,509;0,001953125;
22,527;0,001953125;
22,54;0,001953125;
22,558;0,001953125;
22,571;0,001953125;
22,586;0,001953125;
22,602;0;
22,619;0,001953125;
22,648;0,001953125;
22,664;0,001953125;
22,679;0,001953125;
22,693;0,001953125;
22,709;0,001953125;
22,724;0,001953125;
22,74;0,001953125;
22,755;0,001953125;
22,772;0,001953125;
22,785;-0,001953125;
22,802;-0,00390625;
22,818;0,001953125;
22,833;-0,00390625;
22,849;-0,001953125;
22,865;-0,005859375;
22,88;-0,005859375;
22,894;-0,005859375;
22,912;-0,005859375;
22,926;-0,005859375;
22,941;-0,00390625;
22,956;-0,005859375;
22,971;0;
22,988;0,001953125;
23,003;0,001953125;
23,018;0,001953125;
23,037;0,001953125;
23,052;0,001953125;
23,068;0,001953125;
23,098;0,001953125;
23,112;0,001953125;
23,127;-0,001953125;
23,144;0;
23,158;0,001953125;
23,173;0,001953125;
23,188;0,001953125;
23,205;0,001953125;
23,222;0,001953125;
23,238;0,001953125;
23,252;0,001953125;
23,27;0,001953125;
23,283;0,001953125;
23,299;0,001953125;
23,316;0,001953125;
23,328;0,001953125;
23,352;0,001953125;
23,375;0,001953125;
23,393;0,001953125;
23,407;0,001953125;
23,423;-0,001953125;
23,439;0,001953125;
23,455;0,001953125;
23,47;0,001953125;
23,487;0,001953125;
23,501;0,001953125;
23,518;0,001953125;
23,533;0,001953125;
23,549;0,001953125;
23,565;0,001953125;
23,58;0,001953125;
23,598;0,001953125;
23,625;0,001953125;
23,64;0,001953125;
23,657;-0,001953125;
23,673;0,001953125;
23,688;0,001953125;
23,703;0,001953125;
23,72;0,001953125;
23,735;0,001953125;
23,75;0,001953125;
23,764;0,001953125;
23,782;0,001953125;
23,797;0,001953125;
23,813;0,001953125;
23,832;0,001953125;
23,86;0,001953125;
23,876;0,001953125;
23,892;0,001953125;
23,906;0,001953125;
23,921;0,001953125;
23,936;0,001953125;
23,952;0,001953125;
23,966;0,001953125;
23,982;-0,001953125;
24,002;0,001953125;
24,03;0,001953125;
24,045;0,001953125;
24,064;0,001953125;
24,09;0;
24,106;0,001953125;
24,122;0;
24,138;0,001953125;
24,153;0;
24,17;0,001953125;
24,184;0,001953125;
24,204;0,001953125;
24,233;0,001953125;
24,247;0,001953125;
24,262;0,001953125;
24,278;0,001953125;
24,293;0,001953125;
24,31;0;
24,322;0,001953125;
24,34;0,001953125;
24,356;0,001953125;
24,369;0,001953125;
24,384;0,001953125;
24,403;0,001953125;
24,429;0,001953125;
24,452;-0,001953125;
24,477;0,001953125;
24,492;0,001953125;
24,51;0,001953125;
24,527;0,001953125;
24,54;0,001953125;
24,555;0,001953125;
24,571;0,001953125;
24,587;0,001953125;
24,602;0,001953125;
24,618;0,001953125;
24,632;0,001953125;
24,647;0,001953125;
24,662;0,001953125;
24,68;0,001953125;
24,693;0,001953125;
24,71;0,001953125;
24,727;0,001953125;
24,74;0,001953125;
24,759;0,001953125;
24,773;0,001953125;
24,79;0,001953125;
24,803;0,001953125;
24,821;0,001953125;
24,835;0,001953125;
24,852;0,001953125;
24,867;-0,001953125;
24,882;0;
24,896;-0,00390625;
24,915;0;
24,93;0;
24,945;0;
24,962;0,001953125;
24,976;-0,00390625;
24,992;-0,00390625;
25,009;-0,005859375;
25,023;0,001953125;
25,04;0,001953125;
25,055;0,001953125;
25,068;0,001953125;
25,084;0,001953125;
25,1;0;
25,116;0,001953125;
25,129;0;
25,147;0,001953125;
25,161;0,001953125;
25,176;0,001953125;
25,193;0,001953125;
25,208;0,001953125;
25,224;0,001953125;
25,24;0,001953125;
25,255;0,001953125;
25,272;0,001953125;
25,288;0,001953125;
25,302;0,001953125;
25,317;0,001953125;
25,333;0,001953125;
25,349;0,001953125;
25,364;0,001953125;
25,381;0,001953125;
25,396;0,001953125;
25,409;0,001953125;
25,426;0,001953125;
25,443;0,001953125;
25,454;0,001953125;
25,475;0,001953125;
25,506;0,001953125;
25,538;0,001953125;
25,564;0,001953125;
25,579;0,001953125;
25,594;0,001953125;
25,61;0,001953125;
25,626;0,001953125;
25,642;0,001953125;
25,656;0,001953125;
25,672;0,001953125;
25,686;0,001953125;
25,707;0,001953125;
25,734;0,001953125;
25,75;0,001953125;
25,763;0,001953125;
25,782;0,001953125;
25,796;0,001953125;
25,814;0,001953125;
25,827;0,001953125;
25,842;0,001953125;
25,858;0,001953125;
25,873;0,001953125;
25,889;0,001953125;
25,908;0,001953125;
25,919;0,001953125;
25,935;0,001953125;
25,951;0,001953125;
25,967;0,001953125;
25,982;0,001953125;
25,997;0,001953125;
26,014;0,001953125;
26,028;0,001953125;
26,044;0,001953125;
26,061;0,001953125;
26,074;0,001953125;
26,091;0,001953125;
26,107;0,001953125;
26,121;0,001953125;
26,137;0,001953125;
26,153;0,001953125;
26,169;0,001953125;
26,184;0,001953125;
26,2;0,001953125;
26,217;0,001953125;
26,232;0,001953125;
26,246;0,001953125;
26,263;0,001953125;
26,277;0,001953125;
26,293;0,001953125;
26,309;0,001953125;
26,323;0,001953125;
26,339;0,001953125;
26,354;0,001953125;
26,369;0,001953125;
26,384;0,001953125;
26,406;0,001953125;
26,434;0,001953125;
26,448;0,001953125;
26,463;0,001953125;
26,48;0,001953125;
26,494;0,001953125;
26,507;0,001953125;
26,525;0,001953125;
26,538;0,001953125;
26,554;0,001953125;
26,571;0,001953125;
26,587;0,001953125;
26,601;0,001953125;
26,622;0,001953125;
26,648;0,001953125;
26,664;0,001953125;
26,678;0,001953125;
26,693;0,001953125;
26,71;0,001953125;
26,726;0,001953125;
26,742;0,001953125;
26,758;0,001953125;
26,771;0,001953125;
26,788;0,001953125;
26,805;0,001953125;
26,818;0,001953125;
26,835;0,001953125;
26,85;0,001953125;
26,866;0,001953125;
26,88;0,001953125;
26,898;0,001953125;
26,912;0,001953125;
26,926;0,001953125;
26,942;0,001953125;
26,957;0,001953125;
26,974;0,001953125;
26,989;0,001953125;
27,004;0,001953125;
27,019;0,001953125;
27,037;0,001953125;
27,05;0,001953125;
27,064;0,001953125;
27,08;0,001953125;
27,098;0,001953125;
27,113;0,001953125;
27,128;0,001953125;
27,147;0,001953125;
27,174;0,001953125;
27,19;0,001953125;
27,205;0,001953125;
27,22;0,001953125;
27,234;0,001953125;
27,252;0,001953125;
27,267;0,001953125;
27,282;0,001953125;
27,296;0,001953125;
27,316;0,001953125;
27,328;0,001953125;
27,346;0,001953125;
27,36;0,001953125;
27,376;0,001953125;
27,392;0,001953125;
27,407;0,001953125;
27,421;0,001953125;
27,436;0,001953125;
27,454;0,001953125;
27,468;0,001953125;
27,483;0,001953125;
27,498;0,001953125;
27,512;0,001953125;
27,529;0,001953125;
27,545;0,001953125;
27,56;0,001953125;
27,577;0,001953125;
27,595;0,001953125;
27,622;0,001953125;
27,641;0,001953125;
27,655;0,001953125;
27,675;0,001953125;
27,701;0,001953125;
27,715;0,001953125;
27,735;0,001953125;
27,761;0,001953125;
27,777;0,001953125;
27,793;0,001953125;
27,809;0,001953125;
27,823;0,001953125;
27,838;0,001953125;
27,853;0,001953125;
27,875;0,001953125;
27,901;0,001953125;
27,922;0,001953125;
27,951;0,001953125;
27,982;0,001953125;
27,995;0,001953125;
28,01;0,001953125;
28,026;0,001953125;
28,042;0,001953125;
28,057;0,001953125;
28,074;0,001953125;
28,089;0,001953125;
28,108;0,001953125;
28,135;0,001953125;
28,151;0,001953125;
28,165;0,001953125;
28,184;0,001953125;
28,2;0,001953125;
28,213;0,001953125;
28,23;0,001953125;
28,244;0,001953125;
28,259;0,001953125;
28,274;0,001953125;
28,29;0,001953125;
28,31;0,001953125;
28,337;0,001953125;
28,351;0,001953125;
28,37;0,001953125;
28,382;0,001953125;
28,398;0,001953125;
28,414;0,001953125;
28,43;0,001953125;
28,444;0,001953125;
28,461;0,001953125;
28,477;0,001953125;
28,491;0,001953125;
28,507;0,001953125;
28,522;0,001953125;
28,538;0,001953125;
28,553;0,001953125;
28,569;0,001953125;
28,585;0,001953125;
28,6;0,001953125;
28,617;0,001953125;
28,631;0,001953125;
28,647;0,001953125;
28,663;0,001953125;
28,677;0,001953125;
28,694;0,001953125;
28,707;0,001953125;
28,726;0,001953125;
28,74;0,001953125;
28,754;0,001953125;
28,771;0,001953125;
28,784;0,001953125;
28,8;0,001953125;
28,818;0,001953125;
28,831;0,001953125;
28,846;0,001953125;
28,863;0,001953125;
28,877;0,001953125;
28,896;0,001953125;
28,909;0,001953125;
28,932;0,001953125;
28,958;0,001953125;
28,97;0,001953125;
28,987;0,001953125;
29,003;0,001953125;
29,018;0,001953125;
29,036;0,001953125;
29,049;0,001953125;
29,064;0,001953125;
29,082;0,001953125;
29,095;0,001953125;
29,111;0,001953125;
29,128;0,001953125;
29,143;0,001953125;
29,157;0,001953125;
29,172;0,001953125;
29,188;0,001953125;
29,204;0,001953125;
29,219;0,001953125;
29,234;0,001953125;
29,252;0,001953125;
29,266;0,001953125;
29,284;0,001953125;
29,313;0,001953125;
29,328;0,001953125;
29,343;0,001953125;
29,357;0,001953125;
29,376;0,001953125;
29,389;0,001953125;
29,404;0,001953125;
29,419;0,001953125;
29,436;0,001953125;
29,452;0,001953125;
29,467;0,001953125;
29,483;0,001953125;
29,499;0,001953125;
29,514;0,001953125;
29,531;0,001953125;
29,545;0,001953125;
29,56;0,001953125;
29,575;0,001953125;
29,59;0,001953125;
29,604;0,001953125;
29,623;0,001953125;
29,635;0,001953125;
29,65;0,001953125;
29,667;0,001953125;
29,682;0,001953125;
29,697;0,001953125;
29,714;0,001953125;
29,73;0,001953125;
29,746;0,001953125;
29,76;0,001953125;
29,779;0,001953125;
29,807;0,001953125;
29,822;0,001953125;
29,838;0,001953125;
29,854;0,001953125;
29,87;0,001953125;
29,883;0,001953125;
29,899;0,001953125;
29,914;0,001953125;
29,93;0,001953125;
29,945;0,001953125;
29,961;0,001953125;
29,978;0,001953125;
29,993;0,001953125;
30,006;0,001953125;
30,023;0,001953125;
30,04;0,001953125;
30,053;0,001953125;
30,069;0,001953125;
30,085;0,001953125;
30,099;0,001953125;
30,117;0,001953125;
30,131;0,001953125;
30,147;0,001953125;
30,162;0,001953125;
30,178;0,001953125;
30,195;0,001953125;
30,209;0,001953125;
30,223;0,001953125;
30,24;0,001953125;
30,254;0,001953125;
30,268;0,001953125;
30,285;0,001953125;
30,302;0,001953125;
30,317;0,001953125;
30,332;0,001953125;
30,348;0,001953125;
30,364;0,001953125;
30,379;0,001953125;
30,393;0,001953125;
30,41;0,001953125;
30,426;0,001953125;
30,444;0,001953125;
30,472;0,001953125;
30,486;0,001953125;
30,501;0,001953125;
30,518;0,001953125;
30,533;0,001953125;
30,548;0,001953125;
30,564;0,001953125;
30,58;0,001953125;
30,596;0,001953125;
30,61;0,001953125;
30,627;0,001953125;
30,644;0,001953125;
30,657;0,001953125;
30,676;0,001953125;
30,688;0,001953125;
30,705;0,001953125;
30,722;0,001953125;
30,736;0,001953125;
30,752;0,001953125;
30,768;0,001953125;
30,783;0,001953125;
30,8;0,001953125;
30,816;0,001953125;
30,83;0,001953125;
30,845;0,001953125;
30,862;0,001953125;
30,877;0,001953125;
30,892;0,001953125;
30,908;0,001953125;
30,925;0,001953125;
30,94;0,001953125;
30,955;0,001953125;
30,971;0,001953125;
30,984;0,001953125;
31,002;0,001953125;
31,016;0,001953125;
31,033;0,001953125;
31,046;0,001953125;
31,065;0,001953125;
31,078;0,001953125;
31,094;0,001953125;
31,109;0,001953125;
31,125;0,001953125;
31,141;0,001953125;
31,157;0,001953125;
31,172;0,001953125;
31,188;0,001953125;
31,205;0,001953125;
31,218;0,001953125;
31,234;0,001953125;
31,249;0,001953125;
31,265;0,001953125;
31,28;0,001953125;
31,295;0,001953125;
31,312;0,001953125;
31,327;0,001953125;
31,343;0,001953125;
31,356;0,001953125;
31,373;0,001953125;
31,391;0,001953125;
31,405;0,001953125;
31,421;0,001953125;
31,435;0,001953125;
31,452;0,001953125;
31,467;0,001953125;
31,483;0,001953125;
31,498;0,001953125;
31,512;0,001953125;
31,529;0,001953125;
31,543;0,001953125;
31,56;0,001953125;
31,575;0,001953125;
31,592;0,001953125;
31,606;0,001953125;
31,623;0,001953125;
31,638;0,001953125;
31,654;0,001953125;
31,67;0,001953125;
31,685;0,001953125;
31,702;0,001953125;
31,716;0,001953125;
31,732;0,001953125;
31,748;0,001953125;
31,763;0,001953125;
31,779;0,001953125;
31,795;0,001953125;
31,811;0,001953125;
31,825;0,001953125;
31,841;0,001953125;
31,857;0,001953125;
31,871;0,001953125;
31,887;0,001953125;
31,902;0,001953125;
31,917;0,001953125;
31,932;0,001953125;
31,948;0,001953125;
31,964;0,001953125;
31,98;0;
31,995;0,001953125;
32,01;0,001953125;
32,026;0,001953125;
32,042;0,001953125;
32,058;0,001953125;
32,074;0,001953125;
32,088;0,001953125;
32,104;0,001953125;
32,12;0,001953125;
32,136;0,001953125;
32,152;0,001953125;
32,167;0,001953125;
32,184;0,001953125;
32,2;0,001953125;
32,212;0,001953125;
32,229;0,001953125;
32,245;0,001953125;
32,26;0,001953125;
32,276;0,001953125;
32,289;0,001953125;
32,305;0,001953125;
32,32;0,001953125;
32,335;0,001953125;
32,351;0,001953125;
32,368;0,001953125;
32,382;0,001953125;
32,398;0,001953125;
32,414;0,001953125;
32,429;0,001953125;
32,444;0,001953125;
32,461;0,001953125;
32,475;0,001953125;
32,491;0,001953125;
32,507;0,001953125;
32,521;0,001953125;
32,538;0,001953125;
32,553;0,001953125;
32,567;0,001953125;
32,583;0,001953125;
32,599;0,001953125;
32,616;0,001953125;
32,63;0,001953125;
32,647;0,001953125;
32,664;0,001953125;
32,678;0,001953125;
32,696;0,001953125;
32,712;0,001953125;
32,739;0,001953125;
32,754;0,001953125;
32,771;0,001953125;
32,786;0,001953125;
32,803;0,001953125;
32,816;0,001953125;
32,831;0,001953125;
32,848;0,001953125;
32,864;0,001953125;
32,878;0,001953125;
32,894;0,001953125;
32,909;0,001953125;
32,925;0,001953125;
32,939;0,001953125;
32,955;0,001953125;
32,97;0,001953125;
32,987;0,001953125;
33,002;0,001953125;
33,019;0,001953125;
33,032;0,001953125;
33,049;0,001953125;
33,064;0,001953125;
33,08;0,001953125;
33,096;0,001953125;
33,113;0,001953125;
33,127;0,001953125;
33,141;0,001953125;
33,157;0,001953125;
33,173;0,001953125;
33,188;0,001953125;
33,204;0,001953125;
33,217;0,001953125;
33,234;0,001953125;
33,251;0,001953125;
33,265;0,001953125;
33,282;0,001953125;
33,297;0,001953125;
33,313;0,001953125;
33,328;0,005859375;
33,343;0,00390625;
33,359;0,0078125;
33,374;0,0078125;
33,39;0,00390625;
33,404;0,00390625;
33,422;0,00390625;
33,437;0,00390625;
33,451;0,0078125;
33,467;0,00390625;
33,483;0,0078125;
33,497;0,00390625;
33,514;0,0078125;
33,527;0,00390625;
33,545;0,00390625;
33,561;0,00390625;
33,575;0,009765625;
33,593;0,009765625;
33,621;0,009765625;
33,635;0,009765625;
33,653;0,009765625;
33,669;0,009765625;
33,682;0,009765625;
33,699;0,009765625;
33,716;0,009765625;
33,73;0,009765625;
33,746;0,009765625;
33,759;0,009765625;
33,777;0,009765625;
33,793;0,009765625;
33,809;0,009765625;
33,824;0,009765625;
33,84;0,009765625;
33,855;0,009765625;
33,87;0,009765625;
33,886;0,009765625;
33,902;0,009765625;
33,917;0,009765625;
33,934;0,009765625;
33,948;0,009765625;
33,962;0,009765625;
33,978;0,009765625;
33,994;0,009765625;
34,011;0,009765625;
34,026;0,009765625;
34,042;0,009765625;
34,057;0,009765625;
34,074;0,009765625;
34,09;0,009765625;
34,103;0,009765625;
34,119;0,009765625;
34,133;0,009765625;
34,15;0,009765625;
34,167;0,009765625;
34,184;0,009765625;
34,198;0,009765625;
34,213;0,009765625;
34,227;0,009765625;
34,245;0,009765625;
34,258;0,009765625;
34,274;0,009765625;
34,29;0,009765625;
34,306;0,009765625;
34,323;0,009765625;
34,338;0,009765625;
34,356;0,009765625;
34,371;0,009765625;
34,383;0,009765625;
34,4;0,009765625;
34,416;0,009765625;
34,431;0,009765625;
34,447;0,009765625;
34,462;0,009765625;
34,477;0,009765625;
34,493;0,009765625;
34,507;0,009765625;
34,524;0,009765625;
34,54;0,009765625;
34,556;0,009765625;
34,571;0,009765625;
34,588;0,009765625;
34,604;0,009765625;
34,616;0,009765625;
34,634;0,009765625;
34,648;0,009765625;
34,665;0,009765625;
34,68;0,009765625;
34,696;0,009765625;
34,711;0,009765625;
34,727;0,009765625;
34,743;0,009765625;
34,759;0,0078125;
34,773;0,009765625;
34,788;0,00390625;
34,804;0,00390625;
34,821;0,00390625;
34,836;0,00390625;
34,852;0,00390625;
34,871;0,00390625;
34,884;0,00390625;
34,898;0,00390625;
34,915;0,00390625;
34,929;0,00390625;
34,945;0,00390625;
34,963;0,00390625;
34,976;0,00390625;
34,99;0,00390625;
35,007;0,00390625;
35,024;0,00390625;
35,039;0,00390625;
35,055;0,00390625;
35,069;0,00390625;
35,086;0,00390625;
35,1;0,00390625;
35,117;0,00390625;
35,132;0,00390625;
35,148;0,00390625;
35,164;0,00390625;
35,182;0,00390625;
35,209;0,00390625;
35,226;0,00390625;
35,239;0,00390625;
35,256;0,00390625;
35,271;0,00390625;
35,286;0,00390625;
35,302;0,00390625;
35,317;0,00390625;
35,334;0,00390625;
35,348;0,00390625;
35,363;0,00390625;
35,379;0,00390625;
35,393;0,00390625;
35,408;0,00390625;
35,426;0,00390625;
35,441;0,00390625;
35,457;0,00390625;
35,475;0,00390625;
35,491;0,00390625;
35,505;0,00390625;
35,519;0,00390625;
35,535;0,00390625;
35,551;0,00390625;
35,567;0,00390625;
35,583;0,00390625;
35,597;0,00390625;
35,613;0,00390625;
35,629;0,00390625;
35,644;0,00390625;
35,66;0,00390625;
35,676;0,00390625;
35,691;0,00390625;
35,706;0,00390625;
35,722;0,00390625;
35,739;0,00390625;
35,753;0,00390625;
35,769;0,00390625;
35,784;0,00390625;
35,8;0,00390625;
35,816;0,00390625;
35,831;0,00390625;
35,845;0,00390625;
35,861;0,00390625;
35,877;0,00390625;
35,893;0,00390625;
35,909;0,00390625;
35,924;0,00390625;
35,938;0,00390625;
35,954;0,00390625;
35,97;0,00390625;
35,988;0,00390625;
36,002;0,00390625;
36,016;0,00390625;
36,032;0,00390625;
36,048;0,00390625;
36,064;0,00390625;
36,08;0,00390625;
36,097;0,00390625;
36,11;0,00390625;
36,128;0,00390625;
36,142;0,00390625;
36,158;0,00390625;
36,173;0,00390625;
36,188;0,00390625;
36,205;0,00390625;
36,22;0,00390625;
36,237;0,00390625;
36,251;0,00390625;
36,268;0,00390625;
36,282;0,00390625;
36,298;0,00390625;
36,314;0,00390625;
36,33;0,00390625;
36,35;0,00390625;
36,376;0,00390625;
36,39;0,00390625;
36,406;0,00390625;
36,421;0,00390625;
36,437;0,00390625;
36,454;0,00390625;
36,468;0,00390625;
36,483;0,00390625;
36,5;0,00390625;
36,515;0,00390625;
36,53;0,00390625;
36,546;0,00390625;
36,56;0,00390625;
36,578;0,00390625;
36,594;0,00390625;
36,608;0,00390625;
36,623;0,00390625;
36,638;0,00390625;
36,654;0,00390625;
36,668;0,00390625;
36,683;0,00390625;
36,7;0,00390625;
36,714;0,00390625;
36,732;0,00390625;
36,746;0,00390625;
36,762;0,00390625;
36,778;0,00390625;
36,795;0,00390625;
36,808;0,00390625;
36,824;0,00390625;
36,839;0,00390625;
36,854;0,00390625;
36,868;0,00390625;
36,885;0,00390625;
36,902;0,00390625;
36,916;0,00390625;
36,932;0,00390625;
36,948;0,00390625;
36,963;0,00390625;
36,976;0,00390625;
36,992;0,00390625;
37,009;0,00390625;
37,026;0,00390625;
37,04;0,00390625;
37,056;0,00390625;
37,071;0,00390625;
37,085;0,00390625;
37,1;0,00390625;
37,117;0,00390625;
37,132;0,00390625;
37,147;0,00390625;
37,163;0,00390625;
37,177;0,00390625;
37,192;0,00390625;
37,209;0,00390625;
37,227;0,00390625;
37,241;0,00390625;
37,256;0,00390625;
37,272;0,00390625;
37,286;0,00390625;
37,303;0,00390625;
37,316;0,00390625;
37,334;0,00390625;
37,35;0,00390625;
37,364;0,00390625;
37,382;0,00390625;
37,395;0,00390625;
37,411;0,00390625;
37,427;0,00390625;
37,443;0,00390625;
37,457;0,00390625;
37,474;0,00390625;
37,49;0,00390625;
37,504;0,00390625;
37,518;0,00390625;
37,534;0,00390625;
37,55;0,00390625;
37,565;0,00390625;
37,581;0,00390625;
37,597;0,00390625;
37,613;0,00390625;
37,628;0,00390625;
37,643;0,00390625;
37,658;0,00390625;
37,674;0,00390625;
37,689;0,00390625;
37,706;0,00390625;
37,722;0,00390625;
37,736;0,00390625;
37,751;0,00390625;
37,768;0,00390625;
37,783;0,00390625;
37,798;0,00390625;
37,815;0,00390625;
37,83;0,00390625;
37,846;0,00390625;
37,861;0,00390625;
37,878;0,00390625;
37,892;0,00390625;
37,909;0,00390625;
37,925;0,00390625;
37,94;0,00390625;
37,955;0,00390625;
37,971;0,00390625;
37,987;0,00390625;
38,002;0,00390625;
38,017;0,00390625;
38,032;0,00390625;
38,048;0,00390625;
38,063;0,00390625;
38,079;0,00390625;
38,094;0,00390625;
38,109;0,00390625;
38,127;0,00390625;
38,141;0,00390625;
38,157;0,00390625;
38,172;0,00390625;
38,187;0,00390625;
38,202;0,00390625;
38,219;0,00390625;
38,234;0,00390625;
38,249;0,00390625;
38,265;0,00390625;
38,282;0,00390625;
38,295;0,00390625;
38,312;0,00390625;
38,328;0,00390625;
38,343;0,00390625;
38,358;0,00390625;
38,374;0,00390625;
38,389;0,00390625;
38,406;0,00390625;
38,42;0,00390625;
38,435;0,00390625;
38,451;0,00390625;
38,466;0,00390625;
38,482;0,00390625;
38,496;0,00390625;
38,513;0,00390625;
38,527;0,00390625;
38,544;0,00390625;
38,558;0,00390625;
38,572;0,00390625;
38,588;0,00390625;
38,604;0,005859375;
38,62;0,00390625;
38,636;0,00390625;
38,651;0,00390625;
38,668;0,00390625;
38,682;0,00390625;
38,699;0,00390625;
38,714;0,00390625;
38,73;0,00390625;
38,744;0,00390625;
38,76;0,00390625;
38,776;0,0078125;
38,789;0,00390625;
38,806;0,0078125;
38,822;0,00390625;
38,836;0,0078125;
38,853;0,005859375;
38,867;0,009765625;
38,884;0,009765625;
38,899;0,009765625;
38,914;0,0078125;
38,929;0,009765625;
38,944;0,009765625;
38,96;0,009765625;
38,977;0,009765625;
38,994;0,009765625;
39,008;0,009765625;
39,023;0,009765625;
39,038;0,009765625;
39,056;0,009765625;
39,07;0,009765625;
39,086;0,009765625;
39,102;0,009765625;
39,115;0,009765625;
39,131;0,009765625;
39,147;0,009765625;
39,162;0,009765625;
39,178;0,009765625;
39,193;0,009765625;
39,208;0,009765625;
39,224;0,0078125;
39,24;0,0078125;
39,255;0,009765625;
39,271;0,009765625;
39,286;0,009765625;
39,302;0,009765625;
39,318;0,009765625;
39,332;0,009765625;
39,348;0,009765625;
39,363;0,009765625;
39,38;0,009765625;
39,394;0,009765625;
39,408;0,009765625;
39,426;0,009765625;
39,439;0,009765625;
39,456;0,009765625;
39,471;0,009765625;
39,487;0,009765625;
39,502;0,009765625;
39,516;0,009765625;
39,532;0,009765625;
39,548;0,009765625;
39,564;0,009765625;
39,58;0,009765625;
39,595;0,009765625;
39,611;0,009765625;
39,627;0,009765625;
39,641;0,009765625;
39,656;0,00390625;
39,672;0,00390625;
39,688;0,00390625;
39,703;0,00390625;
39,719;0,00390625;
39,734;0,00390625;
39,749;0,00390625;
39,767;0,00390625;
39,783;0,00390625;
39,797;0,00390625;
39,812;0,00390625;
39,828;0,00390625;
39,844;0,00390625;
39,86;0,00390625;
39,875;0,00390625;
39,891;0,00390625;
39,91;0,00390625;
39,94;0,00390625;
39,955;0,00390625;
39,968;0,00390625;
39,983;0,00390625;
39,999;0,00390625;
40,015;0,00390625;
40,031;0,00390625;
40,047;0,00390625;
40,06;0,00390625;
40,076;0,00390625;
40,094;0,00390625;
40,106;0,00390625;
40,125;0,00390625;
40,138;0,00390625;
40,154;0,00390625;
40,17;0,00390625;
40,186;0,00390625;
40,199;0,00390625;
40,216;0,00390625;
40,231;0,00390625;
40,247;0,00390625;
40,261;0,00390625;
40,278;0,00390625;
40,291;0,00390625;
40,308;0,00390625;
40,324;0,00390625;
40,339;0,00390625;
40,354;0,00390625;
40,369;0,00390625;
40,385;0,00390625;
40,4;0,00390625;
40,415;0,00390625;
40,429;0,00390625;
40,446;0,00390625;
40,463;0,00390625;
40,476;0,00390625;
40,493;0,00390625;
40,508;0,00390625;
40,526;0,00390625;
40,54;0,00390625;
40,556;0,00390625;
40,571;0,00390625;
40,585;0,00390625;
40,604;0,00390625;
40,632;0,00390625;
40,647;0,00390625;
40,663;0,00390625;
40,677;0,00390625;
40,693;0,00390625;
40,707;0,00390625;
40,724;0,00390625;
40,739;0,00390625;
40,753;0,00390625;
40,77;0,00390625;
40,785;0,00390625;
40,8;0,00390625;
40,816;0,00390625;
40,831;0,00390625;
40,847;0,00390625;
40,861;0,00390625;
40,877;0,00390625;
40,892;0,00390625;
40,909;0,00390625;
40,923;0,00390625;
40,94;0,00390625;
40,955;0,00390625;
40,97;0,00390625;
40,985;0,00390625;
41,001;0,00390625;
41,015;0,00390625;
41,03;0,00390625;
41,045;0,00390625;
41,061;0,00390625;
41,077;0,00390625;
41,092;0,00390625;
41,109;0,00390625;
41,124;0,00390625;
41,14;0,00390625;
41,156;0,00390625;
41,17;0,00390625;
41,187;0,00390625;
41,203;0,00390625;
41,217;0,00390625;
41,234;0,00390625;
41,248;0,00390625;
41,264;0,00390625;
41,279;0,00390625;
41,294;0,00390625;
41,31;0,00390625;
41,326;0,00390625;
41,34;0,00390625;
41,357;0,00390625;
41,373;0,00390625;
41,388;0,00390625;
41,403;0,00390625;
41,42;0,00390625;
41,434;0,00390625;
41,449;0,00390625;
41,467;0,00390625;
41,481;0,00390625;
41,497;0,00390625;
41,511;0,00390625;
41,528;0,00390625;
41,541;0,00390625;
41,561;0,00390625;
41,574;0,00390625;
41,59;0,00390625;
41,605;0,00390625;
41,62;0,00390625;
41,638;0,00390625;
41,652;0,00390625;
41,668;0,00390625;
41,684;0,00390625;
41,7;0,00390625;
41,715;0,00390625;
41,731;0,00390625;
41,744;0,00390625;
41,759;0,00390625;
41,778;0,00390625;
41,791;0,00390625;
41,807;0,00390625;
41,823;0,00390625;
41,837;0,00390625;
41,852;0,00390625;
41,867;0,00390625;
41,883;0,00390625;
41,899;0,00390625;
41,914;0,00390625;
41,929;0,00390625;
41,946;0,00390625;
41,96;0,00390625;
41,977;0,00390625;
41,991;0,00390625;
42,006;0,00390625;
42,022;0,00390625;
42,037;0,00390625;
42,053;0,00390625;
42,07;0,00390625;
42,084;0,00390625;
42,099;0,00390625;
42,114;0,00390625;
42,131;0,00390625;
42,146;0,00390625;
42,161;0,00390625;
42,177;0,00390625;
42,192;0,00390625;
42,206;0,00390625;
42,223;0,00390625;
42,239;0,00390625;
42,254;0,00390625;
42,268;0,00390625;
42,285;0,00390625;
42,3;0,00390625;
42,317;0,00390625;
42,332;0,00390625;
42,348;0,00390625;
42,362;0,00390625;
42,379;0,00390625;
42,394;0,00390625;
42,411;0,00390625;
42,425;0,00390625;
42,441;0,00390625;
42,457;0,00390625;
42,471;0,00390625;
42,486;0,00390625;
42,502;0,00390625;
42,517;0,00390625;
42,533;0,00390625;
42,548;0,00390625;
42,563;0,00390625;
42,579;0,00390625;
42,595;0,00390625;
42,61;0,00390625;
42,625;0,00390625;
42,639;0,00390625;
42,656;0,00390625;
42,67;0,00390625;
42,686;0,00390625;
42,702;0,0078125;
42,717;0,0078125;
42,733;0,005859375;
42,751;0,0078125;
42,765;0,00390625;
42,781;0,0078125;
42,795;0,009765625;
42,813;0,009765625;
42,827;0,009765625;
42,842;0,009765625;
42,858;0,009765625;
42,873;0,0078125;
42,89;0,009765625;
42,906;0,009765625;
42,919;0,009765625;
42,934;0,009765625;
42,95;0,009765625;
42,966;0,009765625;
42,981;0,009765625;
42,997;0,009765625;
43,012;0,009765625;
43,028;0,009765625;
43,043;0,009765625;
43,059;0,009765625;
43,074;0,009765625;
43,09;0,009765625;
43,104;0,009765625;
43,12;0,009765625;
43,135;0,009765625;
43,151;0,009765625;
43,168;0,009765625;
43,181;0,009765625;
43,197;0,009765625;
43,212;0,009765625;
43,228;0,009765625;
43,243;0,009765625;
43,261;0,009765625;
43,288;0,009765625;
43,304;0,009765625;
43,32;0,009765625;
43,335;0,009765625;
43,348;0,009765625;
43,365;0,009765625;
43,38;0,009765625;
43,397;0,013671875;
43,412;0,015625;
43,427;0,015625;
43,444;0,017578125;
43,46;0,013671875;
43,473;0,013671875;
43,49;0,01171875;
43,506;0,015625;
43,519;0,017578125;
43,536;0,017578125;
43,552;0,017578125;
43,568;0,017578125;
43,582;0,017578125;
43,6;0,017578125;
43,613;0,017578125;
43,631;0,017578125;
43,644;0,017578125;
43,66;0,017578125;
43,677;0,017578125;
43,69;0,017578125;
43,707;0,017578125;
43,722;0,015625;
43,738;0,017578125;
43,755;0,017578125;
43,769;0,017578125;
43,785;0,017578125;
43,8;0,01171875;
43,816;0,015625;
43,831;0,017578125;
43,847;0,013671875;
43,862;0,015625;
43,876;0,017578125;
43,892;0,017578125;
43,908;0,017578125;
43,925;0,015625;
43,94;0,017578125;
43,955;0,017578125;
43,972;0,017578125;
43,987;0,017578125;
44,003;0,017578125;
44,018;0,015625;
44,034;0,017578125;
44,049;0,017578125;
44,065;0,015625;
44,08;0,01171875;
44,095;0,01171875;
44,11;0,01171875;
44,126;0,01171875;
44,142;0,01171875;
44,158;0,01171875;
44,172;0,01171875;
44,188;0,01171875;
44,203;0,01171875;
44,22;0,01171875;
44,234;0,01171875;
44,252;0,005859375;
44,266;0,00390625;
44,281;0,00390625;
44,298;0,00390625;
44,311;0,00390625;
44,328;0,00390625;
44,345;0,00390625;
44,358;0,00390625;
44,375;0,00390625;
44,389;0,00390625;
44,405;0,00390625;
44,421;0,00390625;
44,436;0,00390625;
44,453;0,00390625;
44,468;0,00390625;
44,483;0,00390625;
44,498;0,00390625;
44,513;0,00390625;
44,528;0,00390625;
44,544;0,00390625;
44,561;0,00390625;
44,576;0,00390625;
44,59;0,00390625;
44,607;0,00390625;
44,624;0,00390625;
44,638;0,00390625;
44,654;0,00390625;
44,669;0,00390625;
44,684;0,00390625;
44,702;0,00390625;
44,716;0,00390625;
44,731;0,00390625;
44,749;0,00390625;
44,761;0,00390625;
44,778;0,00390625;
44,792;0,00390625;
44,808;0,00390625;
44,824;0,00390625;
44,84;0,00390625;
44,855;0,00390625;
44,871;0,00390625;
44,887;0,00390625;
44,902;0,00390625;
44,917;0,00390625;
44,932;0,00390625;
44,95;0,00390625;
44,964;0,00390625;
44,979;0,00390625;
44,994;0,00390625;
45,008;0,00390625;
45,023;0,00390625;
45,043;0,00390625;
45,055;0,00390625;
45,072;0,00390625;
45,085;0,00390625;
45,101;0,00390625;
45,117;0,00390625;
45,133;0,00390625;
45,149;0,00390625;
45,165;0,00390625;
45,18;0,00390625;
45,195;0,00390625;
45,211;0,00390625;
45,226;0,00390625;
45,242;0,00390625;
45,259;0,00390625;
45,274;0,00390625;
45,289;0,00390625;
45,304;0,00390625;
45,321;0,00390625;
45,336;0,00390625;
45,352;0,00390625;
45,368;0,00390625;
45,382;0,00390625;
45,399;0,00390625;
45,413;0,00390625;
45,428;0,00390625;
45,444;0,00390625;
45,46;0,00390625;
45,475;0,00390625;
45,49;0,00390625;
45,506;0,00390625;
45,522;0,00390625;
45,537;0,00390625;
45,553;0,00390625;
45,567;0,00390625;
45,583;0,00390625;
45,597;0,00390625;
45,615;0,00390625;
45,629;0,00390625;
45,645;0,00390625;
45,659;0,00390625;
45,675;0,00390625;
45,69;0,00390625;
45,705;0,00390625;
45,721;0,00390625;
45,736;0,00390625;
45,753;0,00390625;
45,767;0,00390625;
45,784;0,00390625;
45,798;0,00390625;
45,814;0,00390625;
45,829;0,00390625;
45,847;0,00390625;
45,86;0,00390625;
45,875;0,00390625;
45,891;0,00390625;
45,906;0,00390625;
45,923;0,00390625;
45,938;0,00390625;
45,954;0,00390625;
45,97;0,00390625;
45,986;0,00390625;
45,999;0,00390625;
46,018;0,00390625;
46,037;0,00390625;
46,063;0,00390625;
46,08;0,00390625;
46,094;0,00390625;
46,11;0,00390625;
46,126;0,00390625;
46,142;0,00390625;
46,156;0,00390625;
46,174;0,00390625;
46,187;0,00390625;
46,204;0,00390625;
46,219;0,00390625;
46,235;0,00390625;
46,248;0,00390625;
46,265;0,00390625;
46,281;0,00390625;
46,297;0,00390625;
46,314;0,00390625;
46,327;0,00390625;
46,342;0,00390625;
46,359;0,00390625;
46,373;0,00390625;
46,389;0,00390625;
46,405;0,00390625;
46,423;0,00390625;
46,451;0,00390625;
46,468;0,00390625;
46,484;0,00390625;
46,497;0,00390625;
46,513;0,00390625;
46,529;0,00390625;
46,544;0,00390625;
46,562;0,00390625;
46,575;0,00390625;
46,592;0,00390625;
46,605;0,00390625;
46,622;0,00390625;
46,636;0,00390625;
46,652;0,00390625;
46,67;0,00390625;
46,685;0,00390625;
46,7;0,00390625;
46,715;0,00390625;
46,732;0,00390625;
46,746;0,00390625;
46,76;0,00390625;
46,776;0,00390625;
46,791;0,00390625;
46,808;0,00390625;
46,822;0,00390625;
46,839;0,00390625;
46,854;0,00390625;
46,868;0,00390625;
46,884;0,00390625;
46,899;0,00390625;
46,914;0,00390625;
46,93;0,00390625;
46,944;0,00390625;
46,96;0,00390625;
46,976;0,00390625;
46,992;0,00390625;
47,011;0,00390625;
47,024;0,00390625;
47,041;0,00390625;
47,056;0,00390625;
47,071;0,00390625;
47,088;0,00390625;
47,106;0,00390625;
47,12;0,00390625;
47,135;0,00390625;
47,15;0,00390625;
47,165;0,00390625;
47,18;0,00390625;
47,196;0,00390625;
47,212;0,00390625;
47,228;0,00390625;
47,245;0,00390625;
47,257;0,00390625;
47,272;0,00390625;
47,288;0,00390625;
47,304;0,00390625;
47,32;0,00390625;
47,336;0,00390625;
47,352;0,00390625;
47,368;0,00390625;
47,382;0,00390625;
47,397;0,00390625;
47,413;0,00390625;
47,428;0,00390625;
47,444;0,00390625;
47,46;0,00390625;
47,475;0,00390625;
47,492;0,00390625;
47,506;0,00390625;
47,52;0,00390625;
47,539;0,00390625;
47,552;0,00390625;
47,567;0,00390625;
47,584;0,00390625;
47,598;0,00390625;
47,616;0,00390625;
47,63;0,00390625;
47,645;0,00390625;
47,66;0,00390625;
47,675;0,00390625;
47,692;0,00390625;
47,707;0,00390625;
47,722;0,00390625;
47,736;0,00390625;
47,752;0,00390625;
47,768;0,00390625;
47,784;0,00390625;
47,8;0,00390625;
47,816;0,00390625;
47,83;0,00390625;
47,846;0,00390625;
47,861;0,00390625;
47,877;0,00390625;
47,893;0,00390625;
47,908;0,00390625;
47,924;0,00390625;
47,94;0,00390625;
47,955;0,00390625;
47,969;0,00390625;
47,985;0,00390625;
48,001;0,00390625;
48,017;0,00390625;
48,033;0,00390625;
48,047;0,00390625;
48,064;0,00390625;
48,079;0,00390625;
48,093;0,00390625;
48,109;0,00390625;
48,124;0,00390625;
48,139;0,00390625;
48,156;0,00390625;
48,171;0,00390625;
48,187;0,00390625;
48,202;0,00390625;
48,217;0,00390625;
48,234;0,00390625;
48,249;0,00390625;
48,263;0,00390625;
48,283;0,00390625;
48,311;0,00390625;
48,327;0,00390625;
48,344;0,00390625;
48,357;0,00390625;
48,373;0,00390625;
48,388;0,00390625;
48,404;0,00390625;
48,42;0,00390625;
48,435;0,00390625;
48,449;0,00390625;
48,466;0,00390625;
48,482;0,00390625;
48,497;0,00390625;
48,512;0,00390625;
48,526;0,00390625;
48,542;0,00390625;
48,558;0,00390625;
48,574;0,00390625;
48,591;0,00390625;
48,605;0,00390625;
48,622;0,00390625;
48,637;0,00390625;
48,653;0,00390625;
48,669;0,00390625;
48,685;0,00390625;
48,701;0,00390625;
48,715;0,00390625;
48,729;0,00390625;
48,747;0,00390625;
48,764;0,00390625;
48,78;0,00390625;
48,793;0,00390625;
48,808;0,00390625;
48,823;0,00390625;
48,84;0,00390625;
48,855;0,00390625;
48,869;0,00390625;
48,884;0,00390625;
48,901;0,00390625;
48,915;0,00390625;
48,93;0,00390625;
48,946;0,00390625;
48,961;0,00390625;
48,978;0,00390625;
48,994;0,00390625;
49,01;0,00390625;
49,026;0,00390625;
49,039;0,00390625;
49,056;0,00390625;
49,072;0,00390625;
49,087;0,00390625;
49,103;0,00390625;
49,117;0,00390625;
49,133;0,00390625;
49,149;0,00390625;
49,163;0,00390625;
49,179;0,00390625;
49,196;0,00390625;
49,211;0,00390625;
49,226;0,00390625;
49,241;0,00390625;
49,258;0,00390625;
49,272;0,00390625;
49,288;0,00390625;
49,304;0,00390625;
49,319;0,00390625;
49,335;0,00390625;
49,349;0,009765625;
49,365;0,009765625;
49,382;0,009765625;
49,396;0,009765625;
49,41;0,009765625;
49,426;0,009765625;
49,442;0,009765625;
49,459;0,009765625;
49,474;0,009765625;
49,489;0,009765625;
49,506;0,009765625;
49,519;0,009765625;
49,535;0,009765625;
49,551;0,009765625;
49,565;0,009765625;
49,58;0,009765625;
49,596;0,009765625;
49,611;0,009765625;
49,626;0,009765625;
49,641;0,0078125;
49,657;0,009765625;
49,672;0,005859375;
49,688;0,005859375;
49,704;0,0078125;
49,72;0,009765625;
49,735;0,0078125;
49,75;0,005859375;
49,766;0,009765625;
49,784;0,009765625;
49,797;0,0078125;
49,814;0,009765625;
49,828;0,009765625;
49,844;0,00390625;
49,859;0,009765625;
49,875;0,00390625;
49,89;0,005859375;
49,905;0,009765625;
49,921;0,009765625;
49,935;0,009765625;
49,954;0,009765625;
49,967;0,009765625;
49,983;0,009765625;
49,998;0,009765625;
50,014;0,009765625;
50,029;0,005859375;
50,046;0,00390625;
50,061;0,00390625;
50,075;0,00390625;
50,092;0,00390625;
50,107;0,00390625;
50,123;0,00390625;
50,139;0,00390625;
50,155;0,00390625;
50,171;0,00390625;
50,186;0,00390625;
50,203;0,00390625;
50,217;0,00390625;
50,232;0,00390625;
50,247;0,00390625;
50,268;0,00390625;
50,294;0,00390625;
50,31;0,00390625;
50,325;0,00390625;
50,34;0,00390625;
50,354;0,00390625;
50,371;0,00390625;
50,386;0,00390625;
50,401;0,00390625;
50,418;0,00390625;
50,431;0,00390625;
50,448;0,00390625;
50,463;0,00390625;
50,478;0,00390625;
50,497;0,00390625;
50,509;0,00390625;
50,527;0,00390625;
50,54;0,00390625;
50,556;0,00390625;
50,571;0,00390625;
50,587;0,00390625;
50,603;0,00390625;
50,619;0,00390625;
50,634;0,00390625;
50,65;0,00390625;
50,668;0,00390625;
50,68;0,00390625;
50,696;0,00390625;
50,712;0,00390625;
50,73;0,00390625;
50,744;0,00390625;
50,76;0,00390625;
50,776;0,00390625;
50,79;0,00390625;
50,807;0,00390625;
50,821;0,00390625;
50,839;0,00390625;
50,852;0,00390625;
50,868;0,00390625;
50,886;0,00390625;
50,9;0,00390625;
50,916;0,00390625;
50,931;0,00390625;
50,947;0,00390625;
50,961;0,00390625;
50,976;0,00390625;
50,993;0,00390625;
51,008;0,00390625;
51,023;0,00390625;
51,039;0,00390625;
51,055;0,00390625;
51,07;0,00390625;
51,087;0,00390625;
51,101;0,00390625;
51,116;0,00390625;
51,133;0,00390625;
51,148;0,00390625;
51,165;0,00390625;
51,178;0,00390625;
51,196;0,00390625;
51,211;0,00390625;
51,224;0,00390625;
51,242;0,00390625;
51,256;0,00390625;
51,271;0,00390625;
51,288;0,00390625;
51,305;0,00390625;
51,334;0,00390625;
51,349;0,00390625;
51,364;0,00390625;
51,381;0,00390625;
51,396;0,00390625;
51,41;0,00390625;
51,427;0,00390625;
51,442;0,00390625;
51,458;0,00390625;
51,471;0,00390625;
51,488;0,00390625;
51,503;0,00390625;
51,518;0,00390625;
51,534;0,00390625;
51,551;0,00390625;
51,565;0,00390625;
51,579;0,00390625;
51,595;0,00390625;
51,61;0,00390625;
51,624;0,00390625;
51,642;0,00390625;
51,655;0,00390625;
51,673;0,00390625;
51,686;0,00390625;
51,702;0,00390625;
51,718;0,00390625;
51,733;0,00390625;
51,749;0,00390625;
51,763;0,00390625;
51,779;0,00390625;
51,795;0,00390625;
51,81;0,00390625;
51,826;0,00390625;
51,842;0,00390625;
51,856;0,00390625;
51,872;0,00390625;
51,887;0,00390625;
51,903;0,00390625;
51,918;0,00390625;
51,933;0,00390625;
51,949;0,00390625;
51,963;0,00390625;
51,979;0,00390625;
51,995;0,00390625;
52,011;0,00390625;
52,026;0,00390625;
52,041;0,00390625;
52,056;0,00390625;
52,072;0,00390625;
52,087;0,00390625;
52,103;0,00390625;
52,118;0,00390625;
52,133;0,00390625;
52,15;0,00390625;
52,166;0,00390625;
52,182;0,00390625;
52,197;0,00390625;
52,211;0,00390625;
52,228;0,00390625;
52,243;0,005859375;
52,262;0,009765625;
52,292;0,009765625;
52,32;0,009765625;
52,337;0,009765625;
52,35;0,009765625;
52,368;0,009765625;
52,382;0,009765625;
52,398;0,009765625;
52,413;0,009765625;
52,428;0,009765625;
52,444;0,009765625;
52,46;0,009765625;
52,477;0,009765625;
52,492;0,009765625;
52,506;0,009765625;
52,524;0,009765625;
52,54;0,009765625;
52,555;0,009765625;
52,569;0,009765625;
52,586;0,009765625;
52,602;0,009765625;
52,616;0,009765625;
52,63;0,009765625;
52,647;0,009765625;
52,662;0,009765625;
52,678;0,009765625;
52,693;0,009765625;
52,71;0,009765625;
52,724;0,009765625;
52,74;0,009765625;
52,757;0,009765625;
52,772;0,009765625;
52,786;0,009765625;
52,803;0,009765625;
52,818;0,0078125;
52,833;0,009765625;
52,848;0,00390625;
52,862;0,00390625;
52,878;0,00390625;
52,894;0,009765625;
52,91;0,00390625;
52,926;0,009765625;
52,942;0,005859375;
52,956;0,009765625;
52,973;0,009765625;
52,989;0,009765625;
53,003;0,009765625;
53,018;0,009765625;
53,034;0,009765625;
53,049;0,009765625;
53,066;0,009765625;
53,081;0,009765625;
53,097;0,009765625;
53,112;0,0078125;
53,127;0,009765625;
53,143;0,009765625;
53,159;0,0078125;
53,174;0,005859375;
53,19;0,005859375;
53,204;0,00390625;
53,222;0,00390625;
53,238;0,00390625;
53,254;0,00390625;
53,267;0,00390625;
53,282;0,00390625;
53,299;0,00390625;
53,315;0,00390625;
53,33;0,00390625;
53,347;0,00390625;
53,362;0,00390625;
53,378;0,00390625;
53,394;0,00390625;
53,408;0,00390625;
53,424;0,00390625;
53,439;0,00390625;
53,454;0,00390625;
53,471;0,00390625;
53,486;0,00390625;
53,502;0,00390625;
53,518;0,00390625;
53,534;0,00390625;
53,549;0,00390625;
53,564;0,00390625;
53,578;0,00390625;
53,594;0,00390625;
53,609;0,00390625;
53,625;0,00390625;
53,641;0,00390625;
53,655;0,00390625;
53,671;0,00390625;
53,688;0,00390625;
53,703;0,00390625;
53,718;0,00390625;
53,734;0,00390625;
53,751;0,00390625;
53,764;0,00390625;
53,78;0,00390625;
53,796;0,00390625;
53,812;0,00390625;
53,828;0,00390625;
53,842;0,00390625;
53,858;0,00390625;
53,873;0,00390625;
53,888;0,00390625;
53,905;0,00390625;
53,92;0,00390625;
53,935;0,00390625;
53,952;0,00390625;
53,966;0,00390625;
53,983;0,00390625;
53,997;0,00390625;
54,013;0,00390625;
54,028;0,00390625;
54,043;0,00390625;
54,059;0,00390625;
54,074;0,00390625;
54,091;0,00390625;
54,105;0,00390625;
54,121;0,00390625;
54,137;0,00390625;
54,152;0,00390625;
54,168;0,00390625;
54,184;0,00390625;
54,201;0,00390625;
54,214;0,00390625;
54,23;0,00390625;
54,244;0,00390625;
54,26;0,00390625;
54,276;0,00390625;
54,292;0,00390625;
54,305;0,00390625;
54,324;0,00390625;
54,339;0,00390625;
54,356;0,00390625;
54,369;0,00390625;
54,384;0,00390625;
54,4;0,00390625;
54,416;0,00390625;
54,43;0,00390625;
54,446;0,00390625;
54,463;0,00390625;
54,477;0,00390625;
54,493;0,00390625;
54,509;0,00390625;
54,524;0,00390625;
54,54;0,00390625;
54,555;0,00390625;
54,572;0,00390625;
54,588;0,00390625;
54,602;0,00390625;
54,616;0,00390625;
54,631;0,00390625;
54,648;0,00390625;
54,664;0,00390625;
54,68;0,00390625;
54,695;0,00390625;
54,71;0,00390625;
54,725;0,00390625;
54,744;0,00390625;
54,772;0,00390625;
54,787;0,00390625;
54,803;0,00390625;
54,817;0,00390625;
54,833;0,00390625;
54,848;0,00390625;
54,863;0,00390625;
54,879;0,00390625;
54,896;0,00390625;
54,91;0,00390625;
54,925;0,00390625;
54,94;0,00390625;
54,956;0,00390625;
54,972;0,00390625;
54,987;0,00390625;
55,001;0,00390625;
55,017;0,00390625;
55,032;0,00390625;
55,048;0,00390625;
55,067;0,00390625;
55,095;0,00390625;
55,111;0,00390625;
55,126;0,00390625;
55,14;0,00390625;
55,157;0,00390625;
55,174;0,00390625;
55,189;0,00390625;
55,204;0,00390625;
55,219;0,00390625;
55,236;0,00390625;
55,249;0,00390625;
55,267;0,00390625;
55,28;0,00390625;
55,295;0,00390625;
55,31;0,00390625;
55,327;0,00390625;
55,342;0,00390625;
55,356;0,00390625;
55,375;0,00390625;
55,388;0,00390625;
55,404;0,00390625;
55,42;0,00390625;
55,434;0,00390625;
55,45;0,00390625;
55,466;0,00390625;
55,484;0,00390625;
55,498;0,00390625;
55,514;0,00390625;
55,529;0,00390625;
55,544;0,00390625;
55,56;0,00390625;
55,575;0,00390625;
55,592;0,00390625;
55,608;0,00390625;
55,625;0,00390625;
55,638;0,00390625;
55,654;0,00390625;
55,669;0,00390625;
55,683;0,00390625;
55,699;0,00390625;
55,714;0,00390625;
55,728;0,00390625;
55,745;0,00390625;
55,761;0,00390625;
55,776;0,00390625;
55,793;0,00390625;
55,808;0,00390625;
55,823;0,00390625;
55,839;0,00390625;
55,854;0,00390625;
55,87;0,00390625;
55,886;0,00390625;
55,9;0,00390625;
55,919;0,00390625;
55,932;0,00390625;
55,948;0,00390625;
55,964;0,00390625;
55,979;0,00390625;
55,995;0,00390625;
56,011;0,00390625;
56,025;0,00390625;
56,04;0,00390625;
56,057;0,00390625;
56,071;0,00390625;
56,086;0,00390625;
56,102;0,00390625;
56,119;0,00390625;
56,133;0,00390625;
56,149;0,00390625;
56,164;0,00390625;
56,179;0,00390625;
56,195;0,00390625;
56,211;0,00390625;
56,226;0,00390625;
56,242;0,00390625;
56,256;0,00390625;
56,272;0,00390625;
56,288;0,00390625;
56,304;0,00390625;
56,319;0,00390625;
56,333;0,00390625;
56,35;0,00390625;
56,364;0,00390625;
56,379;0,00390625;
56,393;0,00390625;
56,409;0,00390625;
56,425;0,00390625;
56,44;0,00390625;
56,455;0,00390625;
56,47;0,00390625;
56,487;0,00390625;
56,5;0,00390625;
56,518;0,00390625;
56,532;0,00390625;
56,549;0,00390625;
56,564;0,00390625;
56,579;0,00390625;
56,595;0,00390625;
56,609;0,00390625;
56,626;0,00390625;
56,64;0,00390625;
56,658;0,00390625;
56,673;0,00390625;
56,688;0,00390625;
56,704;0,00390625;
56,72;0,00390625;
56,737;0,00390625;
56,752;0,00390625;
56,766;0,00390625;
56,782;0,00390625;
56,797;0,00390625;
56,812;0,00390625;
56,828;0,00390625;
56,843;0,00390625;
56,858;0,00390625;
56,875;0,005859375;
56,89;0,009765625;
56,905;0,009765625;
56,92;0,009765625;
56,936;0,009765625;
56,952;0,009765625;
56,967;0,009765625;
56,98;0,009765625;
56,997;0,009765625;
57,013;0,009765625;
57,029;0,009765625;
57,045;0,009765625;
57,058;0,009765625;
57,075;0,009765625;
57,089;0,009765625;
57,104;0,009765625;
57,121;0,009765625;
57,137;0,009765625;
57,153;0,009765625;
57,168;0,009765625;
57,182;0,009765625;
57,2;0,015625;
57,216;0,01171875;
57,231;0,013671875;
57,245;0,01171875;
57,261;0,013671875;
57,276;0,013671875;
57,293;0,015625;
57,307;0,017578125;
57,323;0,017578125;
57,337;0,017578125;
57,353;0,017578125;
57,368;0,017578125;
57,384;0,017578125;
57,398;0,017578125;
57,413;0,017578125;
57,429;0,017578125;
57,445;0,017578125;
57,461;0,017578125;
57,477;0,017578125;
57,492;0,017578125;
57,508;0,017578125;
57,523;0,017578125;
57,538;0,017578125;
57,553;0,017578125;
57,569;0,017578125;
57,584;0,017578125;
57,597;0,017578125;
57,613;0,017578125;
57,63;0,017578125;
57,645;0,017578125;
57,662;0,017578125;
57,676;0,017578125;
57,691;0,013671875;
57,706;0,017578125;
57,724;0,013671875;
57,739;0,01171875;
57,754;0,01171875;
57,77;0,017578125;
57,785;0,017578125;
57,802;0,01171875;
57,816;0,01171875;
57,83;0,01171875;
57,846;0,01171875;
57,862;0,01171875;
57,879;0,01171875;
57,894;0,01171875;
57,91;0,01171875;
57,925;0,01171875;
57,94;0,01171875;
57,956;0,01171875;
57,971;0,01171875;
57,986;0,01171875;
58,001;0,01171875;
58,018;0,01171875;
58,032;0,01171875;
58,05;0,01171875;
58,064;0,01171875;
58,079;0,01171875;
58,095;0,01171875;
58,11;0,01171875;
58,125;0,01171875;
58,141;0,01171875;
58,156;0,01171875;
58,17;0,01171875;
58,19;0,01171875;
58,203;0,01171875;
58,218;0,01171875;
58,235;0,01171875;
58,25;0,01171875;
58,264;0,01171875;
58,28;0,01171875;
58,298;0,01171875;
58,312;0,01171875;
58,328;0,01171875;
58,343;0,01171875;
58,359;0,01171875;
58,372;0,01171875;
58,388;0,01171875;
58,404;0,01171875;
58,42;0,01171875;
58,435;0,01171875;
58,451;0,01171875;
58,466;0,01171875;
58,481;0,0078125;
58,498;0,00390625;
58,512;0,00390625;
58,528;0,00390625;
58,544;0,00390625;
58,56;0,00390625;
58,573;0,00390625;
58,59;0,00390625;
58,606;0,00390625;
58,62;0,00390625;
58,637;0,00390625;
58,652;0,00390625;
58,668;0,00390625;
58,683;0,00390625;
58,7;0,00390625;
58,714;0,00390625;
58,73;0,00390625;
58,746;0,00390625;
58,76;0,00390625;
58,776;0,00390625;
58,791;0,00390625;
58,806;0,00390625;
58,82;0,00390625;
58,836;0,00390625;
58,854;0,00390625;
58,868;0,00390625;
58,884;0,00390625;
58,899;0,00390625;
58,916;0,00390625;
58,931;0,00390625;
58,945;0,00390625;
58,961;0,00390625;
58,976;0,00390625;
58,991;0,00390625;
59,008;0,00390625;
59,024;0,00390625;
59,039;0,00390625;
59,055;0,00390625;
59,07;0,00390625;
59,085;0,00390625;
59,101;0,00390625;
59,117;0,00390625;
59,133;0,00390625;
59,148;0,00390625;
59,165;0,00390625;
59,18;0,00390625;
59,195;0,00390625;
59,21;0,00390625;
59,225;0,00390625;
59,242;0,00390625;
59,256;0,00390625;
59,272;0,00390625;
59,289;0,00390625;
59,304;0,00390625;
59,318;0,00390625;
59,333;0,00390625;
59,349;0,00390625;
59,362;0,00390625;
59,378;0,00390625;
59,394;0,00390625;
59,409;0,00390625;
59,424;0,00390625;
59,441;0,00390625;
59,456;0,00390625;
59,471;0,00390625;
59,487;0,00390625;
59,504;0,00390625;
59,52;0,00390625;
59,535;0,00390625;
59,549;0,00390625;
59,565;0,00390625;
59,581;0,00390625;
59,596;0,00390625;
59,611;0,00390625;
59,627;0,00390625;
59,643;0,00390625;
59,658;0,00390625;
59,674;0,00390625;
59,69;0,00390625;
59,705;0,00390625;
59,722;0,00390625;
59,735;0,00390625;
59,75;0,00390625;
59,768;0,00390625;
59,783;0,00390625;
59,8;0,00390625;
59,814;0,00390625;
59,83;0,00390625;
59,846;0,00390625;
59,862;0,00390625;
59,876;0,00390625;
59,892;0,00390625;
59,906;0,00390625;
59,922;0,00390625;
59,938;0,00390625;
59,954;0,00390625;
59,97;0,00390625;
59,985;0,00390625;
60,001;0,00390625;
60,017;0,00390625;
60,031;0,00390625;
60,047;0,00390625;
60,062;0,00390625;
60,079;0,00390625;
60,092;0,00390625;
60,108;0,00390625;
60,123;0,00390625;
60,14;0,00390625;
60,155;0,00390625;
60,171;0,00390625;
60,187;0,00390625;
60,202;0,00390625;
60,219;0,00390625;
60,234;0,00390625;
60,25;0,00390625;
60,264;0,00390625;
60,28;0,00390625;
60,295;0,00390625;
60,31;0,00390625;
60,325;0,00390625;
60,34;0,00390625;
60,356;0,00390625;
60,371;0,00390625;
60,386;0,00390625;
60,402;0,00390625;
60,418;0,00390625;
60,434;0,00390625;
60,448;0,00390625;
60,464;0,00390625;
60,481;0,00390625;
60,497;0,00390625;
60,512;0,00390625;
60,525;0,00390625;
60,543;0,00390625;
60,557;0,00390625;
60,573;0,00390625;
60,589;0,00390625;
60,604;0,00390625;
60,62;0,00390625;
60,634;0,00390625;
60,649;0,00390625;
60,666;0,00390625;
60,681;0,00390625;
60,696;0,00390625;
60,712;0,00390625;
60,727;0,00390625;
60,748;0,00390625;
60,776;0,00390625;
60,791;0,00390625;
60,804;0,00390625;
60,82;0,00390625;
60,837;0,00390625;
60,854;0,00390625;
60,868;0,00390625;
60,884;0,00390625;
60,9;0,00390625;
60,914;0,00390625;
60,929;0,00390625;
60,945;0,00390625;
60,959;0,00390625;
60,976;0,00390625;
60,99;0,00390625;
61,008;0,00390625;
61,021;0,00390625;
61,037;0,00390625;
61,054;0,00390625;
61,068;0,00390625;
61,085;0,00390625;
61,1;0,00390625;
61,114;0,00390625;
61,132;0,00390625;
61,147;0,00390625;
61,162;0,00390625;
61,177;0,00390625;
61,193;0,00390625;
61,21;0,00390625;
61,226;0,00390625;
61,24;0,00390625;
61,255;0,00390625;
61,27;0,00390625;
61,286;0,00390625;
61,301;0,00390625;
61,318;0,00390625;
61,333;0,00390625;
61,349;0,00390625;
61,363;0,00390625;
61,378;0,00390625;
61,395;0,00390625;
61,41;0,00390625;
61,426;0,00390625;
61,442;0,00390625;
61,455;0,00390625;
61,472;0,00390625;
61,489;0,00390625;
61,503;0,00390625;
61,518;0,00390625;
61,534;0,00390625;
61,549;0,00390625;
61,565;0,00390625;
61,578;0,00390625;
61,596;0,00390625;
61,611;0,00390625;
61,627;0,00390625;
61,643;0,00390625;
61,658;0,00390625;
61,675;0,00390625;
61,69;0,00390625;
61,705;0,00390625;
61,72;0,00390625;
61,735;0,00390625;
61,751;0,00390625;
61,766;0,00390625;
61,782;0,00390625;
61,798;0,00390625;
61,813;0,00390625;
61,828;0,00390625;
61,844;0,00390625;
61,858;0,00390625;
61,874;0,00390625;
61,89;0,00390625;
61,906;0,00390625;
61,921;0,00390625;
61,936;0,00390625;
61,951;0,00390625;
61,967;0,00390625;
61,983;0,00390625;
62;0,00390625;
62,015;0,00390625;
62,031;0,00390625;
62,047;0,00390625;
62,061;0,00390625;
62,079;0,00390625;
62,092;0,00390625;
62,107;0,00390625;
62,124;0,00390625;
62,14;0,00390625;
62,155;0,00390625;
62,171;0,00390625;
62,187;0,00390625;
62,202;0,00390625;
62,217;0,00390625;
62,236;0,00390625;
62,264;0,00390625;
62,279;0,00390625;
62,294;0,00390625;
62,31;0,00390625;
62,326;0,00390625;
62,34;0,00390625;
62,356;0,00390625;
62,373;0,00390625;
62,388;0,00390625;
62,403;0,00390625;
62,417;0,00390625;
62,431;0,00390625;
62,446;0,00390625;
62,462;0,00390625;
62,478;0,00390625;
62,494;0,00390625;
62,51;0,00390625;
62,525;0,00390625;
62,54;0,00390625;
62,556;0,00390625;
62,571;0,00390625;
62,588;0,00390625;
62,601;0,00390625;
62,618;0,00390625;
62,631;0,00390625;
62,648;0,00390625;
62,662;0,00390625;
62,678;0,00390625;
62,696;0,00390625;
62,709;0,00390625;
62,725;0,00390625;
62,74;0,00390625;
62,757;0,00390625;
62,773;0,00390625;
62,787;0,00390625;
62,804;0,00390625;
62,819;0,00390625;
62,836;0,00390625;
62,85;0,00390625;
62,864;0,00390625;
62,889;0,00390625;
62,914;0,00390625;
62,926;0,00390625;
62,947;0,00390625;
62,973;0,00390625;
62,99;0,00390625;
63,006;0,00390625;
63,024;0,00390625;
63,036;0,00390625;
